titles,category
"李싱크탱크, 2주택 면세 방안 제시…김동연·김경수는 '증세'",Politics
"이준석 측 ""따돌림으로 쫓아낸 것 잊었나""…국힘 단일화 러브콜 일축",Politics
"""중도표 확보해야""…오세훈에 앞다퉈 손 내미는 국힘 대선주자들",Politics
김성태 “빅텐트 중심이 한덕수? 봄날에 개꿈”[정치를 부탁해],Politics
"최상목, 마은혁 미임명에 한덕수 탓···“전임자가 여야 합의 요구했기 때문”",Politics
"소속사 듣자 ""됐어"" 가버린 홍준표‥'웃을 일?' 기막힌 기자 [현장영상]",Politics
"4강 경선 티켓은 누가?…""李에 가장 쉬운 상대"" 벌써부터 치열한 '신경전'",Politics
민주당 경선 ‘조용한 출발’… 세월호 기억하며 화합 연출,Politics
손잡은 이재명·김경수·김동연…유례없는 '탈 네거티브' 착한 경선될까,Politics
"국힘, 김·나·한·홍 등 8명 1차경선 진출…22일 4명 컷오프(종합)",Politics
"한덕수, 오늘은 울산 찾아 “우리 뚠뚠이 아저씨 뵙고 싶었다”",Politics
공지→반발→연기→비공개→재개... 우왕좌왕 김문수 '지지 선언',Politics
"'드럼통' 역공받는 나경원... ""주유비로 정치자금 수천만 원 쓰니 필요?""",Politics
국힘 경선 4위 자리 놓고…‘반탄’ 나경원-‘찬탄’ 안철수 각축,Politics
"무당층 4자대결서 ""한동훈 25% 이재명 15.3% 이낙연 14.3% 이준석 5.3%""",Politics
"범보수 후보 적합도, 불출마 한덕수 1위… 김문수 제쳤다",Politics
"이준석 ""이재명과 죽었다 깨어나도 연합할 일 없다""",Politics
"""오세훈 잡아야 '결승 티켓' 쥔다""…'러브콜' 주자들에 USB 건넨 오세훈",Politics
"[대선상황실] 민주, 순회경선 시작…국민의힘 1차 경선 8명 진출",Politics
"나경원도 ""자꾸 尹 언급 안 좋아""…국힘 주자들, 윤심과 거리두기",Politics
"양당 경선 돌입… ‘반명 빅텐트’, ‘한덕수 차출’ 핵심 변수",Politics
"""한덕수 나오면 내 찍어 줄라칸다""…'보수 심장' 대구 가보니 [르포]",Politics
'빅텐트' 치려면 당내 흥행 먼저인데…식어버린 국힘 경선,Politics
"'중도보수' 잡아라…국힘 주자들, 연이은 오세훈 쟁탈전",Politics
"“비화폰 전원만 켜지면 끝난다”.. 김성훈, 530명 연판장에 결국 사퇴 선언했지만, 다시 ‘컴백’?",Politics
"[인터뷰] 정성호 ""자기들 비전 없이 '반명'만으로 '빅텐트' 안 될 것""",Politics
"한동훈, “다수 후보 윤심 팔이”…윤석열-이재명 동반청산론 강조",Politics
"""질문 받겠습니다"" 그런데…기자 '소속' 듣자마자 ""됐어!"" 자리 뜬 홍준표 [현장영상]",Politics
"범보수 대선후보 적합도, 한덕수 29.6% 1위…김문수 21.5%",Politics
국힘서 커지는 ‘尹과의 결별’…대선 영향 촉각[이런정치],Politics
"""핵실험하고 폭발사고로 은폐하자""…핵 무장 찬성 학자의 황당 주장",Politics
이재명 후원금 하루 만에 29억 '완판'… 99%가 소액 후원,Politics
"국민의힘 주자, 오세훈 연쇄 회동...민주 ""공명선거""",Politics
"""중도 표심 잡아라""…국민의힘 주자들, 오세훈과 밀착 행보",Politics
"추미애 ""주연 윤석열·조연 지귀연…현란한 '사법쇼'""",Politics
김문수·홍준표·한동훈 ‘빅3’ 유력…남은 한자리 ‘나경원 vs 안철수’,Politics
추미애 “김건희가 서울대 나온 박사님들 영혼을 주무르니 명태균 말대로 앉은뱅이 주술사가 틀림 없어”,Politics
"[뉴스1 PICK]최상목 휴대폰 '안바꿨다→바꿨다' 사과…野 ""위증"" 與 ""인멸 아냐""",Politics
"""재판관 가처분, 인용 시 반성해야""…박성재 ""권한정지였다""",Politics
"김문수, 반명 빅텐트론에 ""이재명 후보는 안 된다...꼭 막아야"" [Y녹취록]",Politics
꺼지지 않는 ‘한덕수 단일화론’…국힘 주자들 “인물 없나” 견제,Politics
"함익병 “이준석 싸가지 없어 보여, 우리 애들도 똑같더라”",Politics
이재명 예비후보 후원금 첫날 29억4000만원 다 채워…6만3000여명 `소액 다수`,Politics
"한동훈 ""다수 후보 '윤심팔이'…민심이 5000만 배 중요""",Politics
이완규·함상훈 지명했지만 지명은 아니다? 한덕수의 궤변,Politics
"국민의힘 '4강' 경쟁 시작…민주, 충청 경선 시작",Politics
'최상목 탄핵청문회' 쟁점 셋…①尹 쪽지②마은혁 ③美국채,Politics
“여러분! A4용지가 쪽지랍니다”…최상목 황당 답변에 민주 ‘대폭발’,Politics
국민의힘 1차 경선 진출자는 8명…22일까지 ‘빅4’로 압축,Politics
"최상목, 계엄 나흘뒤 휴대전화 교체…처음엔 부인했다가 인정해 ‘위증 논란’",Politics
"안철수 ""오세훈, 나와 정치 스탠스 가장 비슷…중도확장성 안고 승리하겠다""",Politics
“혈세 7억 들었는데”…尹 친필 휘호 표지석 처리에 골치 아픈 창원시,Politics
"함익병 ""이준석, 싸가지 없으나 국가 변화 만들 지도자""",Politics
"한동훈 ""김건희 지적 나만 했다...입 꾹 닫고 아부만 한게 정치경험이냐"" 직격",Politics
"尹멘토 신평 ""'윤 어게인' 열풍, 반드시 불어…적임자는 나경원""",Politics
"""드럼통이 왜?"" 나경원 도발에 민주당 '발끈'.. 정치쟁점화에 손익 계산은?",Politics
드럼통 들어간 나경원…김상욱 “보수 중진이면 좀 더 신중해야”,Politics
대선 주자 릴레이 인터뷰...김문수 후보를 만나다,Politics
"권성동 ""헌재·선관위, 신뢰 치명상…다 뜯어 고쳐야""",Politics
"안철수 ""우리 당에 그렇게 인물이 없나… 지금 필요한 건 '반성'""",Politics
"최상목, 계엄 직후 폰 안 바꿨다더니…5분 만에 ‘위증’ 들통",Politics
"""너무 당연해서 법조문 없는 것""…최상목에 '위법' 일침 날린 교수 [현장영상]",Politics
"김재섭 ""후보들은 호미로 밭 가는데, 尹은 트랙터로 엎어…결별하자""",Politics
"계엄 나흘 뒤 휴대폰 바꾼 최상목, 위증 지적에 ""송구하다""",Politics
"[맞수다] ""안가 압색 불가? 검찰 내란 가담 의혹""‥""김성훈 사의, 수사 확 빨라져""",Politics
"이재명, ""'폭싹 속았수다' 보고 많이 울어..."" [앵커리포트]",Politics
"대선AI한컷 ""공명선거 다짐"" vs ""오심을 잡아라"" [앵커리포트]",Politics
'1조 먹튀 논란' 인니 대신 UAE?…KF-21 전투기 사업 '반전 국면',Politics
박성재 “제가 무슨 내란을 했나···권한정지 너무 억울했다”,Politics
"김동연 ""비과세·감면 손봐야…증세 문제도 국민 앞에 솔직해야""",Politics
"나경원 ""이념이 먹고 사는 문제…진보당 국회 입성 길, 이재명이 열어줘""",Politics
"""제가 드럼통 들어갔던 건"" 나경원이 밝힌 사진의 의미 [현장영상]",Politics
김문수 反이재명 빅텐트 강조…“이기기 위해 힘 합쳐야”,Politics
"안철수, 오세훈과 오찬 회동…""중도확장성이 대선 승패 좌우""",Politics
"함익병 ""이준석, 매력 있지만 싸가지는 없다"" 평가…왜",Politics
"'드럼통' 들어간 나경원에…""영현백"" 맞불 놓은 민주당",Politics
"민주당 “홍준표, ‘명태균 게이트’ 해명해야…더는 책임 회피 안 돼”",Politics
"총리실, 종편 '한덕수 띄우기'에 해명자료 내기 '진땀'",Politics
[연합뉴스 이 시각 헤드라인] - 14:30,Politics
"이재명 ""한중관계 회복""에서 ""중국에도 상당히 책임있다""",Politics
"나경원 ""드럼통 사진? 이재명이 대통령 됐을 때 우려 보여준 것""",Politics
"안철수 ""오세훈 겹치는 부분 꽤 많아…반이재명 문호 활짝""",Politics
"최상목, '휴대폰 교체 안 해' 위증 논란 일자 ""예전 것 가지고 있어""",Politics
"국힘, '한덕수 단일화론' 두고 엇갈린 시각…""대선 필승"" vs ""당 흔드는 술책""",Politics
"김동연 ""저는 충청의 아들…대통령되면 바로 세종 집무""",Politics
몸값 치솟는 오세훈... 한동훈과는 언제?,Politics
"안철수 ""김문수 확장 부족, 홍준표 반탄, 한동훈 검사 출신, 나경원 비논리적""",Politics
"'한덕수 지지' 박수영, 김문수 캠프 '키' 잡아…경선 승리 후 '그랜드텐트' 노린다",Politics
국힘은 ‘탄핵의 전선’.. 민주는 ‘원팀의 시험대’에 섰다,Politics
"국민의힘 1차 경선 8명 진출…민주, 충청 경선 시작",Politics
‘오세훈 시장’ 찾은 김·나·안·홍…한동훈 대구행,Politics
"김문수 측 ""한덕수 출마하면 당연히 단일화 시도할 것""",Politics
[영상] 민주 본격 경선레이스 시작...“내가 대통령 후보가 되야”,Politics
"함익병 ""이준석, 매력 있지만 싸가지 없어…습득력·능동적 변화 장점""",Politics
"이재명 ""인생서 보복한 적 한번도 없다""…국힘 ""섬뜩해""",Politics
"이재명, 후원금 모금 하루 만에 29억4천만원 달성…""99%가 10만원 미만 소액 후원""",Politics
국민의힘 1차 경선에 8명 진출…4강에 나경원·안철수 중 누가 오를까,Politics
"안철수 ""한덕수?... 외부수혈 아닌 반성과 혁신해야""",Politics
"나경원, 빅텐트 주장에 ""'기승전 용병' 얘기 바람직하지 않아""",Politics
"""우리 이제 잊자""…국민의힘 후보들 '윤심 거리두기'",Politics
"'탄핵소추 청문회' 최상목, 건네받은 '尹 쪽지' 상황 재연",Politics
"이국종 ""탈조선해라"" 발언에…이준석 ""나라 상황 냉정하게 따져봐야""",Politics
"""외부수혈, 호박 줄 긋기""...국힘 잠룡들, 한덕수 견제구",Politics
"서왕진 ""지귀연, 윤석열 바라기..본인 얼굴 찍히기 싫어 촬영 불허했나, 재판 걱정""[여의도초대석]",Politics
"안철수 ""오세훈, 저와 정치적 스탠스 가장 비슷하다고 해""",Politics
"국민의힘 주자 '오세훈 잡기'...민주 ""경선 후 단합""",Politics
'러시아 전승절' 주목받는 이유…푸틴·김정은·시진핑 나란히 설까,Politics
"이재명, '대통령 되면 칼 들고 보복하는 거 아니냐' 질문에 웃으며 꺼낸 말",Politics
"""이준석 매력있지만 싸가지 없다""...개혁신당 공동선대위원장의 평가",Politics
불출마하자 몸값 뛰었다…세끼 연속 국힘 후보와 먹은 오세훈,Politics
"이준석 ""멍청한 발상, 더 한심"" 이재명·한동훈 비판 …안철수에는 ""AI 논의 언제든 환영""",Politics
"""엄청 많이 울었다""...'폭싹 속았수다' 언급한 이재명, 왜? [Y녹취록]",Politics
"김문수가 부른, 나경원이 찾아간 ‘청년’들은 누구인가",Politics
"최상목, 계엄 후 휴대전화 바꿔…위증 논란에 ""송구""",Politics
국힘 경선 '4강 경쟁' 개시…'탄핵·한 대행 출마' 찬반 구도 주목,Politics
[속보]“핵실험뒤 폭발사고라 하면 은폐 가능”…핵무장 주장 학자 주장,Politics
“딸기맛보다 안철수” “드럼통 들어간 나경원”…대선주자들의 톡톡 튀는 홍보,Politics
"“하루 만에 29억”…이재명 후원금, 지난 대선과 ‘이만큼’ 차이 났다",Politics
"박수영부터 인요한까지… 국힘 현역 의원, '김문수 캠프' 대거 합류",Politics
최상목 청문회… 계엄 후 휴대전화 교체 “안 바꿨다→바꿨다”,Politics
국민의힘 '4강 경쟁' 막차는 누구? 안철수·나경원 각축,Politics
"이재명, 하루 만에 29억 후원금 채워…""99%가 소액 후원""",Politics
'국힘 8룡-민주 3룡' 경선 링 확정됐다…양당 최후의 1인은?,Politics
"나경원 ""이재명 대통령 되면 드럼통, 전 '드림통' 대통령될 것""",Politics
한동훈 “정치경험 부족? 김여사 문제 왜 나만 지적했을까” 반박,Politics
한동훈 “민심이 윤심보다 5000만배 더 중요”,Politics
"[류병수의 강펀치] 안철수 ""후보되면 빅텐트 문 활짝 열 것…김문수·홍준표 확장성 없어""",Politics
"여야, 12·3 사태 후 휴대전화 바꾼 최상목 두고 격돌",Politics
"'한덕수 재판관 지명' 논란, 韓 ""각하"" 주장에 ""고의 지연 꼼수""…가처분 곧 결론",Politics
"한덕수 광폭 행보 속 김문수 측 ""한 대행 출마하면 단일화 시도""",Politics
"DJP연합, 노무현 단일화 모델…역대 선거로 본 '빅텐트' 성공요건",Politics
"""정치인 냄새가 난다""...한덕수가 남긴 의미심장 편지 [Y녹취록]",Politics
"[시사정각] 이재명 ""정치보복 안 할 것""‥한덕수 민생행보, 곧 입장 밝힐까?",Politics
"한동훈 ""민심이 윤심보다 5천만 배 더 중요""",Politics
"羅 ""오세훈 '약자와의 동행' 나경원이 진심 담아 할 수 있는 것""",Politics
"최상목 청문회…""마은혁 미임명 헌법 형해화""·""스토킹 탄핵""",Politics
"나경원 ""이재명에 드럼통은 어떤 의미?…왜 긁혔나""",Politics
"한동훈 ""갑자기 한덕수 부전승? 누가 공정하다고 하겠나""",Politics
"김문수측 ""韓대행 출마하면 단일화 시도""",Politics
"홍준표 ""정치력 발휘해 반명 빅텐트…당 후보 되면 바로 추진""",Politics
박수영·김선교 등 김문수 캠프 합류…오락가락 일정 '혼선'도,Politics
"'드럼통 나경원'에 쏟아지는 비판, 수천만원 주유비 논란도 재소환",Politics
대정부 질문 불참하고 호남행…손편지 공개한 한덕수 [취재파일],Politics
"나경원 ""'반이재명 빅텐트' 예정 안맞아…한덕수 출마하고 싶은 내심""",Politics
"한덕수 광폭행보 속 김문수측 ""韓대행 출마하면 단일화 시도""",Politics
"서영교 ""A4가 쪽지? 켕기냐"" 최상목 ""그 정도 크기인 줄 몰랐다""",Politics
"국힘, '보복한 적 없다' 이재명 발언에 ""많은 사람 보복 당했다 느껴""",Politics
대선 ‘책의 전쟁’…이재명 측근들도 참전? [런치정치],Politics
한덕수 출마론자 속속 김문수 캠프행…경선 '찬물' 비판도,Politics
"'윤심보다 민심' 앞세운 한동훈, 배신자 프레임 정면 돌파?",Politics
"최상목 ""폰 바꾼 적 없다""더니... 5분 만에 나온 '교체 기록'",Politics
이재명·김경수·김동연 3파전…정권교체·통합 한목소리,Politics
"‘오, 탐난다’…국힘 예비후보들 서울시청 뛰어갔다 [이런정치]",Politics
"'尹 멘토' 신평, ""이재명 여·야 통틀어 독보적"" 호평한 이유는?",Politics
국힘 예비후보들 오세훈에 몰렸다,Politics
"찬탄 주자 유정복 ""`윤석열 보내고 이재명 퇴장` 대선 돼야"" 눈길",Politics
김문수 캠프에 박수영·엄태영·김선교·인요한 합류,Politics
孫·文 이어 이재명도 찾는 사람…‘97그룹’ 대표주자 강훈식 [V메이커스],Politics
"""국힘, '탄핵의 강' 건너지 않고는 '드럼통' '反이재명 빅텐트' 안 먹힐 것""",Politics
"최상목 휴대폰 '안바꿨다→바꿨다' 사과…민주 ""위증"" 국힘 ""인멸 아냐""",Politics
"홍준표 ""한덕수 출마? 그런 짓 할 사람이 아니다""",Politics
나경원 “드럼통이 이재명에게 어떤 의미이길래 이렇게 긁혔나”,Politics
“‘洪 정권 vs 李 정권’… 어떤 나라 될지 비교해보라”[2025 대선주자 릴레이 인터뷰],Politics
"""위원장님"" 송석준의 질문 폭격…덤덤히 듣던 정청래 한마디에 '빵' [현장영상]",Politics
"법사위 '최상목 탄핵' 공방…""스토킹 탄핵"" vs ""탄핵사유 넘쳐""",Politics
대선 왜 나오냐고? 국회 밖 권영국의 '출마할 결심',Politics
"오세훈에 연일 '러브콜'…金 ""경의 표해"" 洪 ""공약 이어받을 것""",Politics
최상목도 계엄 나흘 뒤 휴대폰 바꿨다…‘위증’ 지적에 “송구하다”,Politics
"국민의힘 주자들 ""오세훈 잡아라""...이재명·2김 공명선거 다짐",Politics
"민주당, 12일간 경선 레이스 시작… 27일 최종 후보 확정",Politics
"이재명 후원금, 하루만에 29.4억…역대 최단 한도 마감(종합)",Politics
"최상목, 계엄 나흘뒤 휴대전화 교체…처음엔 부인해 ‘위증 논란’",Politics
"이재명, 미국측 ""불법 비상계엄"" 어떻게 이끌어냈나... <결국 국민이 합니다>에 밝힌 '막전막후'",Politics
국힘 '反明빅텐트' 깃발 들었지만…韓대행·제3지대 연대등 험로,Politics
"尹 첫 공판부터 엇갈린 진술, 팩트체크 해보니…""궤변, 소음공해""",Politics
"최상목 “마은혁 미임명, 국무회의 작동시키기 위한 것”",Politics
[단독] 개표소서 뜬 '화웨이 와이파이'는 자작극?…선관위 고발 검토,Politics
"""대통령되면 보복의 칼?""…이재명 ""제 인생 누굴 보복한 적 없어""",Politics
"""윤석열 잊어야 이긴다... "" 국민의힘에서  '尹 퇴장' 요구 속출",Politics
"이준석, 칼럼 올린 한동훈에 “본인 이야기 아닐텐데...읽어보고 공유해라”",Politics
“불덩이 내려놓자” 국힘서 커지는 ‘尹 결별’ 목소리,Politics
"홍준표 ""한덕수, 그럴 짓 할 사람 아냐…출마 비상식적""",Politics
"“한덕수 출마” 주장 박수영, 김문수 캠프 합류",Politics
"홍준표 ""결선 없이 과반 득표로 끝내겠다…한동훈, 언급할 가치 없어""",Politics
"김경율 ""尹心, 이재명보다 더 싫은 한동훈 낙마…한덕수 출마도 그 차원""",Politics
"야 5당이 합의한 결선투표제, 이 방식으로 하면 어떨까",Politics
"""대구에서 5만원 보냅니다""...이재명 후원금, 하루새 29억 모금 완료",Politics
“오세훈 공약 받아 내가 실천” 러브콜 보내는 국힘 주자들,Politics
"한동훈 ""나를 제외한 다수 후보 윤심팔이""",Politics
"""난 독재 아냐""...홍준표가 밝힌 '2030'세대들 사이 인기 비결 [Y녹취록]",Politics
국힘 곳곳 ‘윤석열 손절론’…“이제 보내드리자”,Politics
"민주, 충청투표로 12일간의 경선 레이스 스타트…""분열은 패배""",Politics
[영상] 유정복 “윤석열 보내야 이긴다… 이재명 꺾을 유일한 해답은 ‘유정복 뿐’” [6·3 대선],Politics
"한동훈 ""갑자기 한덕수 부전승?…누가 공정하다고 생각하겠나""",Politics
"""광주行 한덕수 대선 출마 '정교한 빌드업'""…""박스권 갇힌 李"" [뉴스캐비닛]",Politics
국힘 ‘3강 2중’ 구도…나경원·안철수 ‘4강 티켓’ 열전,Politics
홍준표 30명과 한동훈 30명은 다르다?…배지 싸움의 공학,Politics
"추미애 ""내란재판, 주연 윤석열·조연 지귀연 쇼…법관 징계위 회부 촉구""",Politics
[뉴스포커스] 대선 경선 대진표 확정…민주 '3파전' 국힘 '11명 각축전',Politics
"국민의힘 주자들, ‘韓 대망론’ 연일 선 긋기... 나경원 “관세 해결부터”·洪 “출마는 비상식적”",Politics
明 ‘대세’-慶 ‘적통’-東 ‘경제’…민주경선 3파전,Politics
"홍준표 ""反이재명 전선에 있는 민주당 분들도 빅텐트 포함해야""",Politics
"홍준표, 한 대행 출마·단일화론에 ""당 내부 흔들려는 술책""",Politics
“안 후보 당선 위해 뛰었건만”…안철수 “총선 참패 상징” 저격에 한동훈 반격,Politics
“한덕수 출마 내심 있나” “비상식적”…불출마설에도 연일 견제구 [이런정치],Politics
초코민트보다 안철수? 김동연은 아이언맨?…MZ 표심 잡을까,Politics
"드럼통 들어간 사진 올린 나경원…민주당 ""민주당 악마화 인내 넘어선 수준""",Politics
"'한덕수 지지' 박수영, 김문수에 합류…""양측 단일화가 필승""(종합)",Politics
"""역시 우리 안철수 의원님""…연일 '앙숙' 칭찬하는 이준석",Politics
"엄태영·박수영·김선교·인요한, 김문수와 비공개 회동한 뒤 '지지 선언'",Politics
"‘회견→연기→비공개 면담→회견’, 김문수 캠프 시작부터 삐그덕?",Politics
"한동훈 ""갑자기 한덕수 부전승?…누가 공정하다고 생각하겠나""",Politics
"윤건영 “김성훈, 국힘 들어갔다가 경호처 돌아온다고 호언장담”",Politics
"오세훈 만나는 국민의힘 주자들…민주, 충청경선 시작",Politics
연정론까지 이어진 빅텐트론...제3지대 가능할까? [앵커리포트],Politics
"[무등의 아침] ‘대선 차출론’ 한덕수, 미묘한 시기에 호남 방문…사실상 대선 행보?",Politics
"드럼통 들어간 나경원 “이재명, 제 사진 아팠나 보다”",Politics
[단독]이재명 싱크탱크 유종일 대표 “보편적 기본소득 안할 것”,Politics
'공명선거' 다짐한 이재명·김경수·김동연 [뉴시스Pic],Politics
"'한덕수 출마론' 박수영, 김문수 캠프 합류…""빅텐트가 대선 필승""(종합)",Politics
"한동훈 ""민심이 윤심보다 5천만배 더 중요…윤심팔이 안타까워""",Politics
박수영·엄태영·김선교·인요한…김문수 캠프 전격 합류,Politics
"한동훈 ""김건희 문제 나만 지적, 다른 사람 탬버린 치며 아부""",Politics
"민주, '대선출마설' 한덕수에 ""어차피 내란후보에 검증된 무능후보""(종합)",Politics
"이준석 ""이재명 무상 AI 정책, 참 멍청한 발상. 더 한심한 건…""",Politics
"홍준표, 韓대행 출마·단일화론에 ""당 내부 흔들려는 술책""",Politics
"한동훈 ""안철수 당선위해 뛴 나를 총선 참패 상징?…배신자? 계엄 막지 말라는 말""",Politics
대선주자 릴레이 인터뷰...'세 번째 도전' 홍준표 전 시장,Politics
"국민의힘 주자들, 잇단 오세훈 회동...이재명·2김 한 자리에",Politics
"‘한덕수 띄우기’ 앞장서던 박수영, 김문수 캠프로",Politics
트럼프 승리 예측했던 베팅 사이트도 ‘어대명’으로 향하나… 보수 대항마는?,Politics
"핵무장론자 ""전방 지역서 핵실험 뒤 폭발사고라 하면 은폐 가능"" 주장",Politics
"[단독]""이완규 함상훈 지명했다""더니 …한덕수 “발표했지만 지명 아니다” 헌재에 의견서 제출",Politics
"'이재명 악마화' 딥페이크 유포자 무더기 고발…""강력한 법적 책임""",Politics
"나경원 ""한덕수, 출마하고 싶은 내심 보여""",Politics
"“이재명과 양자 대결, 보수 진영 선두는 한덕수… 호남·중도 표심은 ‘글쎄’”",Politics
"한자리 모인 이재명-김경수-김동연...""누가 되든 반드시 대선 승리""",Politics
"박용진 ""한동훈도 올드한데…김문수 '보릿고개 타령'""",Politics
베이지색 니트 입은 이재명…이순신 동상 앞에 선 안철수[출마선언 분석]②,Politics
"이준석 ""안철수의 과학기술 전문성 높이 평가… 단일화는 이야기 해본 적 없어"" [뉴시스Pic]",Politics
"""핵실험 뒤 폭발 사고라 하면 은폐 가능""…핵무장론자의 황당 주장",Politics
"이준석 ""미래 지향점 일치하면 협력…이재명·한동훈, 과학기술 이해 없어""",Politics
범보수 후보 적합도…한덕수 29.6%·김문수 21.5%·한동훈 14.1% [조원씨앤아이],Politics
한국 ‘독재화’ 분류한 연구자 “조기 대선에서 반민주 정당 몰아내야”,Politics
"이재명 측, 딥페이크 영상 유포자 등 17명 법적 조치…“악마화-친중반미 프레임”",Politics
"한준호 ""나베는 '나경원 일베' 줄임말?""…드럼통 사진 직격",Politics
"이재명 ""나라 미래를 위해 우리 중 누구든 이겨야""",Politics
"나경원 ""한 대행, 출마하고 싶은 내심 보여…적절치 않은 모습""",Politics
오세훈·유승민도 빠지고…국민의힘 대선 경선 막올랐는데 흥행은 글쎄,Politics
이재명 “누구든 민주당 후보가 이겨야…내란수괴 세력은 안 돼”,Politics
"진중권 ""한덕수 출마? 참 모양 빠지는 수…탄핵 정권 총리면 '순장조' 돼야""",Politics
"""핵실험뒤 폭발사고라 하면 은폐 가능""…핵무장 찬성 학자 주장",Politics
"안철수 ""탄핵반대 후보 지지는 '이재명 대통령'에 도장 찍는 것""",Politics
[대선따라잡기] '1강' 민주당과 절대 강자 없는 국민의힘…경선 흥행은?,Politics
“김성훈 ‘사퇴 연판장’ 징계 시도…국힘 거쳐 복귀 호언장담까지”,Politics
"당밖 `한덕수 차출론` 띄우던 친윤 박수영, 김문수 캠프로",Politics
배우 공유 연상시킨다는 ‘무보정’ 김문수…“홍보 진정성 부각”,Politics
[연합뉴스 이 시각 헤드라인] - 10:30,Politics
"'한덕수 지지' 박수영, 김문수 캠프 합류…""단일화가 대선 필승""",Politics
"함익병 ""이준석, 매력있지만 싸가지 없어…젊은 세대의 변화""",Politics
"나경원 ""韓대행, 출마하고 싶은 내심 보여…적절치 않은 모습""",Politics
"'위성포착' 됐던 北 곡산 자주포, 쿠르스크 일대서 우크라 드론에 파괴",Politics
나경원 “‘반 이재명 빅텐트론’ 지금 얘기하는 것 맞지 않아”,Politics
"양혁승 ""이기고 돌아왔다는 尹· '尹에서 예수를' 전한길…히틀러와 비슷""",Politics
나경원 “대미 협상 함부로 하다가 큰일 날 수도”…한덕수에 견제구,Politics
나경원 “한덕수 적절치 않다…출마하고 싶은 내심 있어 보여”,Politics
"안철수 “지금은 수혈 아닌, 반성과 혁신 필요”",Politics
"김문수 '지지 선언 행사' 돌연 연기…장동혁 측 ""지지 사실 아냐""",Politics
"나경원 ""이재명 대통령 되면 '끔찍'..1인 드럼통 독재, '나다르크' 내가 막을 것""[여의도초대석]",Politics
"[갈등 넘어 화합으로]김형오 ""개헌으로 제왕적 대통령제 결별해야""",Politics
明 ‘대세’-慶 ‘적통’-東 ‘경제’…민주경선 3파전 [이런정치],Politics
"이준석 ""李·한동훈 과학기술 이해 없어…안철수는 높이 평가""",Politics
"[뉴스+] ② 이철우 ""총리 하기로 약속까지 다 했는데···기다렸더니 계엄 해버려서""",Politics
"한동훈 ""대한민국서는 민심이 윤심보다 5000만배 중요…그래서 계엄 막아""",Politics
"홍준표 ""결선 없이 2차 경선에서 끝내겠다…타깃은 본선""",Politics
‘나경원 드럼통’ 역풍…“유류비 수천만원 쓰니 기름통 필요?”,Politics
"""김건희 여사 문제 왜 나만 지적했을까""…한동훈 '작심 발언'",Politics
홍준표 “반이재명 ‘빅텐트’ 경선 후 바로 추진…어떤 방법도 강구해야”,Politics
"추미애, '드럼통 나경원'에... ""논개는 강물에 몸 던져""",Politics
"“이재명도, 윤석열도 못 찍겠다”는 민심 향한 시선.. ‘제3지대 대선’ 꿈틀대나",Politics
"홍준표 ""과반으로 경선 끝내야…민주당 후보 바뀌면 명태균 답변할 것""",Politics
국힘 ‘3강 2중’…나냐 안이냐 ‘4강 티켓’ 열전 [이런정치],Politics
[뉴스퀘어10] 양당 경선 구도 확정...조기 대선 정국 본격화,Politics
"진중권 ""한덕수 출마? 리스크 커…탄핵 정권 총리면 '순장조' 돼야""",Politics
"코앞으로 다가온 대선, 변수는 없다?…독주 굳힌 이재명",Politics
[단독] '고성국TV' '뉴스공장' 편 가르기 여론조사 뚝딱…극단의 진영 스피커 ‘유튜브’,Politics
"""李 '내란 종식' 프레임 외통수? '트럼프 프레임' 한덕수 부상"" [뉴스캐비닛]",Politics
"[전격시사] “국힘·민주, 경선 레이스 시작!” (권칠승 의원) 빅텐트론? 성공한 적 없어·(김희정 의원) 한덕수 대망론, 민주당 덕분",Politics
“보복 없었다”던 이재명…나경원 “드럼통 사진 아팠나보네”,Politics
"반윤 김근식 ""`찐윤 반명 빅텐트`는 가짜…한덕수도 주저할 것""",Politics
"나경원 ""한덕수 모습 굉장히 적절치 않아…출마하고 싶은 내심 보여""",Politics
안철수 “우리 당에 그렇게 인물 없나…수혈 아닌 ‘반성’ 필요”,Politics
"인터뷰 전문…김경율 “尹, 이재명보다 싫은 한동훈 떨어뜨리겠단 의지 아닌가” [정치시그널]",Politics
"박수영, 김문수 캠프 전격합류…""한덕수·金 단일화가 필승방법""",Politics
안철수 “반성과 혁신 필요… 대선 후보 외부 수혈 ‘호박에 줄 긋기’”,Politics
김정은이 김주애 데리고 간 ‘북한판 PC방’... 어떤 모습인가 보니,Politics
"""이준석 매력있지만 싸가지 없어""... 함익병 공동선대위원장",Politics
"[전격시사] 한동훈 국민의힘 전 대표 - “이재명, 공적 마인드 없어…괴물 정권이 국민의 삶 고단하게 할 것”",Politics
"이국종 ""탈조선해라"" 발언에…이준석 ""국가 상황 냉정히 돌아봐야""",Politics
"[전격시사] 홍준표 전 대구광역시장 - “컷오프 과반으로 끝낼 것, 본선에서 ‘반명 빅텐트’…이준석 원래 자리로 돌아와야”",Politics
"尹 '국회 봉쇄, 난센스'에, 이준석 ""새빨간 거짓말…어떤 X신이 명령 내려""",Politics
"나경원 ""한동훈, 치기 어린 정의감…국힘 후보로 부적절""",Politics
"최재성 ""한덕수 대선 출마? 정상이라면 해선 안 될 생각""",Politics
장하준의 조언: ‘제2의 윤석열’ 안 나오려면[점선면],Politics
"나경원 “이재명, 드럼통 사진 아팠나보다…정치 보복한 적 없다고”",Politics
"한동훈 “날 제외한 다수 후보, ‘윤심 팔이’하고 있어”",Politics
"'반명 빅텐트' 온도차, ""세력 결집""‥""패배주의""",Politics
"나경원 ""정치한 지 얼마 안된 한동훈, 치기어린 정의감""",Politics
"윤태곤 ""나경원 '드럼통' 마케팅…왜 안 먹힐까?""",Politics
"나경원 “한동훈, 치기 어린 정의감…한덕수, 관세에 집중을”",Politics
"인터뷰 전문…나경원 “한덕수 출마론, 절박함 알겠는데 또 기승전 용병?” [정치시그널]",Politics
"안철수 ""대선후보 외부수혈은 호박 줄 긋고 국민 속이자는 말에 불과""",Politics
예비역 장성들의 '대선 낙하산 잔치'…언제까지 봐야 하나 [취재파일],Politics
"윤건영 ""김성훈, 경호처 연판장 징계 시도 제보 있어…사의? 증거인멸 끝난 듯"" [정치쇼]",Politics
"한동훈 ""윤심보다 민심이 5천만배 중요…저 제외 다수후보 윤심팔이""",Politics
"홍준표 ""오세훈과 서민 교육 지원 논의…정책 검토할 것""",Politics
홍준표 “내 역할은 태종 이방원…이재명은 양아치”,Politics
"김영진 ""尹 이어 용병 한덕수? 두 번 실수면 무능""",Politics
김근식 “한덕수 차출론은 가짜 반명 빅텐트…찐윤이 주도하는 반명 깃발은 허망”,Politics
민주당 김두관·김부겸 측 ‘반명 빅텐트’ 참여 가능성 일축,Politics
홍준표 “反이재명 전선 빅텐트 만들어야” 연일 李 때리기,Politics
"이재명 ""공수처 대폭 강화할 것""…이준석 ""어느 나라 살다 왔나""",Politics
"이준석, 이국종 '탈조선' 발언에 ""이 나라 상황 냉정하게 따져봐야""",Politics
"추미애 “주연 윤석열·조연 지귀연, 검사는 ‘들러리’… 현란한 사법쇼”",Politics
오늘의 대선 소식...막 오른 대선 레이스 [앵커리포트],Politics
"한덕수 경선 최종 불참…권성동 ""출마설 언급 도움 안 돼""",Politics
"홍준표, 오세훈과 만찬‥김문수·안철수·나경원도 오세훈 회동",Politics
진보 진영서도 '반이재명' 연합 거론…김두관·이낙연 합류?,Politics
"이국종 ""입만 터는 문과놈들, 탈조선해라 "".. 이준석 ""윤석열식 망상 멈추자""",Politics
"곽규택 ""국힘, 대선 승리하려면 尹과 거리두기 해야""",Politics
"안철수 ""국힘에 필요한 건 반성…尹 옹호자들 책임 느껴야""",Politics
"나경원 ""이재명, '드럼통'이 아팠나…한동훈, 치기어린 정의감"" [정치쇼]",Politics
"박지원 ""洪金韓羅, 최종 洪"" 친한계 ""韓金洪羅, 한동훈"" 추미애 ""결국 한덕수""",Politics
'드럼통' 들어간 나경원...이재명 겨냥하며 던진 메시지는? [Y녹취록],Politics
'尹 호위무사' 김성훈 사의 표명…사실상 경호처 직원들에 쫓겨나,Politics
"조원진 ""한덕수, 5월초 국힘 후보 정해지면 총리직 사퇴하고 출마할 것""",Politics
“대통령되면 보복의 칼?”…이재명 “인생사에서 보복한 적 한 번도 없다”,Politics
국힘 '11명 출사표'·민주 '3파전'… 양당 경선 대진표 확정,Politics
미 고위관리 일본·베트남·캄보디아 가는데 또 한국만 ‘패싱’,Politics
[뉴스UP] 본격 막 오른 대선 경선...일각에선 '무용론'도?,Politics
"""공약 그대로 받겠다""는 홍준표에게 오세훈은 USB 건네",Politics
"황우여 ""한덕수 출마론? 국힘 경선 후보도 훌륭해""[한판승부]",Politics
양당 경선 레이스 본격화…최종 '대선 후보'는 언제?,Politics
'화들짝' 핵무장설 부인한 정부..민감국가 미궁속,Politics
"황우여 ""尹, 이번 선거 자제할 것"" [모닝콜]",Politics
"'새미래', 유승민·김두관에 개헌연대 참석 제안…국민의힘 주자들, 잇따라 ""반명 빅텐트 필요""",Politics
"김경수 ""압도적 정권교체 위해 불쏘시개 되겠다""[한판승부]",Politics
"강선우 ""한덕수는 얼굴마담…반명텐트 의미없다""[신율의 이슈메이커]",Politics
"인명진 ""개헌 매개 반이재명 연합 가능성 있다""[소종섭의 속터뷰]",Politics
"함익병 ""이준석 매력 있지만 싸가지는 없어…습득력, 능동적 변화력이 장점""",Politics
"추미애 “내란재판, 윤석열이 법정 주연…지귀연 재판장은 조연”",Politics
스타트 브리핑 ['대통령 명당' 찾는 대선 주자들... 한 건물에 캠프 4곳 '불편한 동거'도],Politics
"'정치 보복' 않겠다는 이재명…""제 인생에 보복한 적 없어""",Politics
"[인터뷰] 이준석 ""동탄 3자구도가 승리 방정식…반명 빅텐트는 실패할 것""",Politics
"""압도적 정권 교체""…야5당, '단일 후보 이재명' 연대로[여의뷰]",Politics
이준석 “난 민주당 표 가져올 수 있는 사람…단일화 불필요” [황형준의 법정모독],Politics
'한덕수 차출론' 지니 '반명 연대'…김 빠지는 '與 경선판',Politics
"이재영 ""한덕수한테 50여명 갔다는데 경선 어떻게 흥행?"" [한판승부]",Politics
"'어대명 경선' 받은 김경수, '백기투항' 배경은[여의뷰]",Politics
"[인터뷰] 안철수 ""반탄후보 지지, 李 대통령 찍는것…찬탄파와 힘 모아야""",Politics
“5시간 체류·장관이 직접 운전”…비밀리에 성사된 시리아 수교 전말,Politics
"[인터뷰] '한동훈 지원사격' 진종오 ""청년세대에 건강한 미래 물려주고파""",Politics
"오늘 '최상목 탄핵소추' 청문회…법사위, 탄핵사유 조사",Politics
"'내란 세력' 단절도 못하고‥""밑천만 드러내""",Politics
"尹 ""다 이기고 돌아왔다"".. 전한길 ""그 말씀, 예수님 같다""",Politics
"김성훈 ""과오 반성"" 사의 표명…'연판장' 통했나",Politics
"북한, '60년의 형제' 한국에 빼앗겼다[북한은 지금]",Politics
"""돌풍 일으키겠다""…김동연, '어대명' 판세 흔들 승부수는",Politics
'반명 빅텐트'엔 공감…'한덕수 차출론' 온도 차,Politics
"'지지층'만 본다‥""극우 언어가 발목 잡을 것""",Politics
김용빈 선관위 사무총장 “선거제도 알면 알수록 부정선거 불가능…서버 검증 응하겠다”[인터뷰],Politics
윤석열이 불붙인 ‘부정선거’ 의혹…그 많다던 증거들은 진짜일까,Politics
무조건 이재명만 막자?‥반성 없는 '빅텐트'론,Politics
황교안과 이준석을 한 텐트에? 반이재명 빅텐트 성사가 어려운 이유,Politics
혈맹 진화한 북·러… 군사협력 넘어 과학·교육 전방위 밀착 [심층기획-우크라전 막바지 밀월 가속],Politics
'한덕수 대망론' 국힘 분열의 씨앗 될라,Politics
"경제전선에 올인하는 트럼프, 안보전선은? [fn기고]",Politics
국민의힘 '5강' 민주 '3파전'…양당 경선 대진표 확정,Politics
“내 인생 망했다”는 이국종…이준석 “탈조선? 엉망 한둘 아냐”,Politics
보수 연대 '빅텐트론'의 딜레마…한덕수 빠지면 '스몰텐트',Politics
"안호영 ""'극우 발언'에 3번 퇴장 당한 김문수…의도된 도발""[이정주의 질문하는기자]",Politics
‘대통령 명당’ 찾는 대선 주자들… 한 건물에 캠프 4곳 ‘불편한 동거’도,Politics
대선 주자들 “청와대로” “세종으로”… 현실은 당장 이전 힘들어,Politics
커지는 ‘反明 빅텐트론’… 김두관 측 “가능성 열려 있다”,Politics
이재명은 정말 ‘비호감’ 1위 후보일까? 질문에 숨은 비밀,Politics
대선 향방 가른 표심의 땅 '경기도'… 대선 바로미터 [경기도를 보면 대권이 보인다],Politics
이재명 ‘3자 대결’ 50% 돌파 눈앞…정권교체 찬성론 흡수,Politics
'빅텐트론' 띄우는 보수 후보들…부각되는 '반탄' 프레임,Politics
"대통령 연금 못 받는 尹, 공무원 연금 받을 수 있다?[노컷체크]",Politics
민주도 국힘도…새 집무실 두고 '尹 지우기' 본격화,Politics
"대구의 고민 ""누굴 뽑아야 되능교? 그 총리 출마헙니꺼"" [보수심장 르포]",Politics
"홍준표 ""혼란기엔 나같은 스트롱맨 필요, 태종 이방원 역할할 것"" [대선주자 릴레이 인터뷰①]",Politics
친노·친문 적자 김경수의 ‘착한 2등’ 전략…차기 노린 빌드업?,Politics
"'관세 협상' 키 쥔 한 대행…""퍼주기 대신 미국 속내 파악해야""",Politics
"[대선주자 인터뷰]김문수 ""이재명 이기려면 이준석·이낙연·비명계 누구라도 힘 합쳐야""",Politics
[단독] 여론조사 공천 OECD 중 한국이 유일한데…'어디 맡기고' '어떻게 조사하고' 죄다 깜깜이,Politics
"북한판 스톰-Z 공격, 우리 군 취약점을 노린다[무기로 읽는 세상]",Politics
문재인은 뚫었다… 이재명 지지율 정말 30%대 '박스권'에 갇혔나,Politics
"""돈 주고 후보 선출 떠넘긴 꼴"" ""사실상 주사위 던지기""...불만 쌓이는 여론조사 경선",Politics
尹 탄핵에 쪼개진 국민의힘 '묻지마 빅텐트'... 무책임한 러브콜,Politics
"""나라 이름 빼고 다 바꿔야""…홍준표가 '헌재·공수처 폐지' 외친 이유는?",Politics
"김문수, 경쟁자 턱밑 추격에 '범보수 1위' 굳히기?…보수·청년·기업 합종연횡",Politics
[단독]관세협상 재촉하는 美 “먼저하면 유리”… 한국 등 5개국 최우선 협상 대상 지목,Politics
‘경선 불참’ 한덕수 여전히 변수… 吳-劉 표심 어디로 향할지 관건,Politics
"'지지층'만 본다‥""극우 언어가 발목 잡을 것""",Politics
"한동훈 “이재명, 사적 이익 위해 공적 시스템 무너뜨려… 전체주의화 위험성 크다”",Politics
방탄복 벗고 니트… 이미지 바꾸는 李,Politics
"민주, 대선 접어들면서 공세 수위 낮춘 까닭은",Politics
‘4등 싸움’이 더 치열한 국힘 경선,Politics
홍준표 “대통령은 청와대로 복귀해야 한다” vs 김동연 “당선되면 첫 날 세종 갈 것“ [투데이 여의도 스케치],Politics
"김성훈 사의 ""과오 반성""…윤 산책에도 동행",Politics
'반명 빅텐트' 공감…'한덕수 차출론'엔 온도 차,Politics
"""어차피 대통령은 국민이 정해"" 차별화 전략 돌입한 비명계",Politics
'호남' '트럼프' '불확실성'…'한덕수 출마' 신경 쓰이는 민주당?,Politics
60대 이상 유권자가 40.1% 주류 떠올라,Politics
"[강원의 선택, 대선 흔든다](2)3년 새 뒤바뀐 유권자 지형…대선판 주류세대로 떠오른 고령층",Politics
출사표에 '반국가세력'·극단적 우클릭…나경원 '尹 데자뷔',Politics
"계엄 뒤 칩거했던 尹 ""실패하면 탄핵, 알고 있었다"" [尹의 1060일 ⑧]",Politics
"한덕수, 대망론 속 '광폭 행보'…호남 찾고 손편지까지",Politics
‘불출마’ 오세훈 만난 홍준표 “공약 그대로 받아서 실천”,Politics
"""대통령 되면 '보복의 칼' 휘두른다?""...이재명, '껄껄' 웃더니 한 말",Politics
"홍석준 ""이재명 '기본' 좋아하는데…기본 상식·지식은 없어"" [일타뉴스]",Politics
"홍준표 ""'약자 동행' 잇겠다""... 오세훈은 'USB' 건네줬다",Politics
[대선언팩] “심증뿐인 입증 안된 검은손”… 양당 주장은 과대포장,Politics
"민주·국힘, 경선 대진표 확정…관전포인트는?",Politics
"트럼프 시대, 핵무장 실현 가능성 모색… 16일 ‘한국 핵무장 담론의 쟁점과 과제’ 특별포럼 북핵 전문가들 총출동",Politics
"한동훈 ""이재명, 공수처가 마음에 쏙 들었나 봄""",Politics
이재명 “인생에서 보복한 적 한 번도 없다…시간 아까워”,Politics
"오세훈 양손 잡은 홍준표 ""약자와의 동행 공약 실천할 것""",Politics
"[투나잇이슈] 국힘, '4강 경쟁' 시작…민주, 3파전 대진표 확정",Politics
"오세훈 만난 홍준표 ""공약집과 USB까지 건네…공약 그대로 받아서 실천할 것""",Politics
"국힘 '반명 빅텐트' 공감 속 온도차…""연정"" ""경선 희화화""(종합2보)",Politics
빅텐트론 부상…'반이재명' 기치로 합종연횡 가능할까,Politics
"홍준표, 오세훈과 만찬…김문수·안철수·나경원은 내일 회동(종합2보)",Politics
[인터뷰 전문] 국민의힘 안철수 의원의 대권 구상은?,Politics
"'불출마' 오세훈 만난 홍준표 ""공약 그대로 받아서 실천하겠다""(종합)",Politics
"[뉴스NIGHT] 민주·국힘,경선 후보 등록 마감...'빅텐트' 부상",Politics
"힘 실리는 '제3지대 빅텐트론'...""국민의힘 더 손해""",Politics
들끓는 '한덕수 출마론'에 들끓은 국민의힘 주자들,Politics
"너도나도 ""박정희!""...안철수·한동훈·나경원 '설전'",Politics
양당 대선 경선 구도 확정...'흥행'은 비상,Politics
"'반 이재명 빅텐트론' 김부겸 측 ""금시초문"", 김두관 측 ""가능성""",Politics
“상법 개정 ‘충실 의무’ 오해…대주주가 ‘먼저 넣자’고 해야 하는 것”[논설위원의 단도직입],Politics
"""역선택으로 이재명 떨어뜨려? 그 정도면 집권이 가능한 세력""",Politics
민주당 2002년 노무현·2012년 이재명 만든 국민선거인단 폐지,Politics
"오세훈 첫번째로 만난 홍준표...""吳 공약 받아 실천하겠다""",Politics
"이재명 ""누가 괴롭혔다고 보복한 적 없어…공수처 대폭 강화할 것""",Politics
"트럼프, 미리 흘렸나…관세유예 직전 측근 의원들 수억대 주식 매수",Politics
"윤석열 이후 노골화한 '혐오·선동 정치', 이걸 없애려면",Politics
"국민의힘 '1차 컷오프' 신경전 가열…""이재명에게 가장 쉬운 상대"" ""계엄 옹호 후보 반대""",Politics
"이준석 ""이국종이 '탈조선' 발언할 정도…국가 상황 냉정히 따져야""",Politics
민주 3명-국힘 11명… 경선 레이스 본격 돌입,Politics
"장성철 ""한덕수, '좀더 세게 밀어봐' 출마 명분 세워달란 의미""",Politics
"'모두 징병제' 포스터에 '엉터리 태극기'…""AI 실수""",Politics
"이재명 ""수사-기소권 분리, 공수처 강화…야당 도륙? 우리도 망해""",Politics
민주당 ‘압도적 1강’…국민의힘 ‘3강·2중’,Politics
[돌비뉴스] 피리 못 부는 사나이..설마? 또 기습 '찬대 개그',Politics
최악 땐 활주로 1본만… ‘글로벌 도시 부산’ 신공항 전략 꼬이나,Politics
"[돌비뉴스] '어색한 대면' 한동훈 나경원, 싸우며 닮나…나란히 '숫자를'",Politics
'런종섭'에 대파 논란까지…'압도적 패배' 자초한 윤 정권,Politics
'통합진보당 해산' 당사자 김재연이 국힘 해산심판 반대하는 이유,Politics
드럼통 들어간 나경원…“더이상 못참는다” 민주당 분노,Politics
직원 연판장 돌자…김성훈 경호차장 “이달 말 사퇴”,Politics
"오세훈에 러브콜…오늘은 홍준표, 내일은 김문수-안철수-나경원 연쇄회동",Politics
"박지원 ""尹, 병원 가봐라..93분 동안 거짓말로 발언 비정상적""",Politics
'빅텐트론' 나오는 이유는…'한덕수 출마'가 변수?,Politics
"국힘, 韓대행 차출론-尹 사저정치-빅텐트 따라 경선판 ‘흔들’",Politics
"김성훈 ""이달 말 나가겠다"" 사의 표명‥""지금 당장 나가야""",Politics
[단독] 가덕신공항 살리자고 ‘김해공항 폐쇄’ 추진 파장,Politics
김문수 캠프 합류 이문열 “내가 모두 이해할 수 있는 것만 하던가”,Politics
"[여랑야랑]박정희, 우리들의 누워계신 영웅 / 문재인만 빠졌다? / 후원금 모으기 운동?",Politics
김경수 만난 자영업자들 “폐업한 이들에게 희망 달라”,Politics
국힘 후보들 '반명 빅텐트' 공감…'한덕수 차출론'엔 온도 차,Politics
"[대선참견시점] ""문수형 사과해요""‥""한덕수는 테마주?""",Politics
"한동훈 ""이재명, 역시나 가장 위험한 사람…검사 팔다리 없애려 해""",Politics
[뉴스직격] 무능·무책임·무속 '3무' 한덕수 VS 협상 앞둔 한덕수 공격 말라,Politics
‘尹 멘토’ 신평 “이재명 적수 없어...보수 크게 판 짜야”,Politics
양당 대선 경선 구도 확정...'흥행'은 비상,Politics
"""서울에 박정희 동상 세우자"", ""헌재 폐지하자""‥지지층만 몰두?",Politics
아크로비스타 상가서 尹 경호한 김성훈… 돌연 사의 표명,Politics
"윤 참모들, 계엄 뒤 휴대전화 ‘최대 6번’ 바꿔…김태효는 이틀간 3번",Politics
"경선도 하긴 전에 ""외부 세력과 손잡자""?‥""'반이재명 표' 이합집산""",Politics
"김준일 “‘드럼통’ 나경원, 윤석열 언급하며 경선 4위에 들 것” [김은지의 뉴스IN]",Politics
한덕수 차출론에 이어 '빅텐트론'‥경선 시작부터 자중지란?,Politics
국힘 주자 하나같이 “반명 빅텐트” 실제로 ‘연대 결성’ 미지수,Politics
11명 등록…컷오프 샅바싸움,Politics
김성훈 경호처 차장 사의 표명…연판장에 결국 백기,Politics
[정치톡톡] 한동훈 등장에 국회소통관 '북적' / 드럼통 들어간 나경원 / 박찬대 '만파식적' 불기 도전,Politics
"""박정희 동상 광화문에"" 김문수…한동훈도 ""박정희 경제 리더십""",Politics
"'조선제일검' 한동훈, ""이재명, 검수완박 시즌2 발상""",Politics
"김재섭 ""尹, 메시지성 계엄? 그날 국회 들어갈 때, 내 다리 상처는 왜 났나""",Politics
"이재명 ""검찰→공소청, 공수처 강화"" 한동훈 ""수사구조 찢는 대통령 안돼""",Politics
"대학가로, 보수 텃밭으로... 보수 주자들 초반 행보는 '약점 메꾸기'",Politics
치열한 4위 경쟁…안철수 '한동훈 저격' 나경원 '탄핵 반대',Politics
"박지원 ""한덕수, 윤건희 플랜따라 5월 3일까지 간 볼 듯""",Politics
[판을읽다]경제가 대선 판 바꾼다?,Politics
이재명 “인생 살면서 누가 저를 괴롭혔다고 보복한 적 없어”,Politics
이재명 “공수처 강화… 檢수사·기소 분리해야”,Politics
“‘가짜 경제’ 이재명 이기겠다”…대권 도전 한동훈 ‘경제사령탑 대통령’ 포부,Politics
"[단도직입] 홍준표 ""선진대국 시대로…우선 헌법 체제부터 바꿔야""",Politics
[뉴스추적] 힘 실리는 한덕수 차출론 / 노무현-정몽준 단일화 노린다? / 반명연대 힘 받을까,Politics
"박상수 ""공군 18전투비행단에 내려오는 이야기 주인공, 맞춰보니 한동훈이었다""",Politics
"韓대행, 광주 '1000원백반' 식당에 손편지·사비 격려금 ""건승하셨으면""",Politics
"김문수 ""이재명보다 지지율 낮아서 답답…경선 거치면 컨벤션 효과"" [뉴스와이드]",Politics
"“같은 날 문을 열었지만“.. 여야 경선판, 닮은 듯 너무 다른 시작",Politics
"[단독] 한덕수 ""이재명 대통령 막는 게 사명""…불출마 보도에 ""사실 아냐""",Politics
"신율 ""한덕수 차출론 너무 일렀다…대선 당락 가르는 건 3%"" [인터뷰]",Politics
민주 3파전 첫 경선지 충청 민심은 어디로,Politics
"한덕수 경선 최종 불참…권성동 ""출마설 언급 도움 안 돼""",Politics
진보 진영서도 '반이재명' 연합 거론…김두관·이낙연 합류?,Politics
"김문수·홍준표 ""반명 세력과 연대 필요"" 거세지는 빅텐트론",Politics
"대정부질문서 추경 공방…""뒷북 추경"" ""민주 예비비 삭감 탓""(종합)",Politics
"이재명 ""공수처 대폭 강화…권력은 견제하게 만들어야""",Politics
2025년 대선 후보 ‘15명+α’,Politics
"홍준표, 오세훈과 만찬…김문수·안철수·나경원은 내일 회동(종합)",Politics
"이재명 ""인생사에서 누군가에 보복한 일 한번도 없다""",Politics
"추경안 '10조→12조'로…민주당 ""뒷북 추경"" vs 국힘 ""예비비 삭감이 문제""",Politics
"친한계 ""한덕수, 간만 보는 '간덕수' 되나?""",Politics
국힘 주자들 '구애' 향한 곳…드럼통까지 들어간 나경원,Politics
反明 ‘공포 마케팅’ 실효성엔 물음표,Politics
대선 경선 대진표 완성…민주 3파전·국힘 8파전[박지환의 뉴스톡],Politics
“보수 진영 아우르는 ‘빅 텐트’ 펼쳐 이재명 포위해야”,Politics
들끓는 '한덕수 출마론'에 들끓은 국민의힘 주자들,Politics
안철수·나경원의 동시다발 ‘한동훈 때리기’… 4강 전략?,Politics
"유정복 ""尹, 출당시켜야..탄핵으로 심판받은 尹 끌어들여선 안돼""",Politics
“체류 하루 넘기면 미국 입국 금지”.. 韓 청년 겨누나? 美 이민 ‘으름장’,Politics
"어대명 vs 反재명…민주 3파전-국힘 11파전, 경선 전쟁 시작됐다",Politics
"이재명, 대선 초기 `조용한 경선` 모드… 사법리스크 부각 자제 행보",Politics
"여야 대정부질문 경제 책임 공방…""탄핵이 발목 잡아"" ""짐만 남기고 떠나""",Politics
"김동연 ""'어대명' 아닌 '어대국'…어차피 대통령은 국민이 뽑아""(종합)",Politics
막 오른 양당 '경선 레이스'…한덕수는 후보 등록 안 해,Politics
"서왕진 ""변호인단 9분, 尹 혼자 '93분' 발언..판사 말도 자르고, 여전히 안하무인""[여의도초대석]",Politics
‘핵무장론 강행이 민감국가 지정’ 주장에 최상목 “다 사실무근”,Politics
尹 계엄 넉달전 예견…이재명 ‘호위무사’ 김민석 [V메이커스],Politics
이재명 “수사 담당 기관과 공소 유지 담당 기관 분리해 견제하도록 해야…공수처·국수본 강화할 것”,Politics
국민의힘 ‘反이재명 빅 텐트’ 급부상... 이낙연 등 비명계 합류할까,Politics
[권순욱 칼럼] 이재명은 죽어도 안된다는 사람들,Politics
아크로비스타 상가서 尹 경호한 김성훈… 돌연 사의 표명,Politics
경선 레이스 돌입…“李압도적 1강”vs“안갯속 국힘”,Politics
"홍준표, 오세훈과 만찬…김문수·나경원·안철수도 내일 吳 회동",Politics
"국힘 주자 '빅텐트' 온도차…""연정도 가능"" ""경선 희화화 안돼""(종합)",Politics
"[1번지초대석] ""이번엔 시대교체""…한동훈 전 국민의힘 대표에게 듣는다",Politics
"김종민 의원 ""계엄으로 9조원 증발...누구에게 청구해야 하나""",Politics
국힘 경선 3강 구도로...베일벗는 국힘 후보들의 청사진,Politics
"""검찰 장악해 칼춤 한번?""‥이재명 '껄껄' 웃더니",Politics
‘尹 재구속’ 찬성 56.6%…중도층 찬성 67.8%,Politics
민주당 ‘3파전’ 국힘 ‘5파전’ 경선 대진표 완성,Politics
金·洪·韓 4강행 유력…마지막 티켓 놓고 羅·安 격돌,Politics
선그어도 커지는 ‘한덕수 대망론’… 관세 대응이 변곡점[6·3 대선 D-48],Politics
"개헌·행정수도 이전 ‘신중’ 이재명에 차별화 나선 김경수, 김동연",Politics
"이재명 ""'폭싹 속았수다' 보면서 엄청 울어…이게 우리 문화의 힘""",Politics
‘마은혁 임명 거부’ 최상목 “16일 청문회서 답변 드리겠다”,Politics
‘다 이기고 돌아왔다’는 尹에 “예수 같다”는 전한길,Politics
'대미 총력전'에도 美 민감국가에 韓 포함…파장 불가피,Politics
"민주, '룰 파동' 일단 봉합…'어대명' 경선 시작부터 삐걱",Politics
"이재명 ""인생에서 보복한 적 한번도 없어…공수처 강화해야""",Politics
"최경환 전 부총리 ""보수가 중도 겨냥할 카드는 '경제 성장'뿐"" [한경 인터뷰]",Politics
"유용원 “육군부사관 수급 초비상인데”…올 1분기 임관은 최저, 희망전역 · 휴직은 역대 최고",Politics
국힘 잠룡들 '反이재명 빅텐트론' 온도 차,Politics
"이재명, 대선 행보에 재판 걸림돌… 선거운동 차질 우려 [6·3 대선]",Politics
한덕수 차출론에 ‘2017년 반기문’ 소환 [6·3 대선],Politics
박지원 “무속에 관한 한덕수 부인은 ‘김건희2’ ‘김건희의 어머니’” 힐난,Politics
"권한대행의 대통령 몫 헌재관 지명, 주내 결론 가능성 급부상",Politics
초유 ‘연판장 사태’ 김성훈 경호처 차장 사의 표명…尹 파면 11일만,Politics
"한동훈 ""'한덕수 차출론'은 일종의 테마주 주가 조작""",Politics
후보들 ‘이재명 공포 마케팅’ 일색… 감동 없는 국힘 경선 [6·3 대선],Politics
"홍준표식 검수완박? ""검찰 1차 수사권 폐지, 국가수사국에 넘긴다""",Politics
"[이슈플러스] 범보수 '반명 빅텐트론' 등장...민주 ""내란 빅텐트...자충수""",Politics
"민주 TV토론, 예전엔 10번 이번엔 2번... “비명계 후보들 기회 뺏겼다”",Politics
[속보] 김성훈 경호차장 “사퇴하겠다”···직원들 연판장에 백기,Politics
"이국종 ""탈조선 해라""…이준석 ""엉망 한둘 아냐, 대한민국 DNA 바꿀 것""",Politics
"국힘 4강 노리는 나경원·안철수, 나란히 한동훈 흔들기",Politics
"이재명 ""공수처 대폭 강화할 생각…검찰 수사·기소 분리해야""",Politics
계급론 사라진 계급통의 사회,Politics
국힘 대선주자들 ‘反明빅텐트’ 속속 가세 [6·3 대선],Politics
韓·美 다음주 무역협상… 트럼프 직접 참여할 듯 [관세 전쟁],Politics
"힘 실리는 '제3지대 빅텐트론'...""국민의힘 더 손해""",Politics
"한덕수, 범보수 대선후보 적합도 13.5% 첫 1위…김문수 13.1%",Politics
"이준석 ""한동훈, 나와 스타일 안 맞아…한덕수, 대선 안 뛸 것""",Politics
"'호남 후보론' 속 한덕수 광주행…""대권 행보냐"" 정치권 '주시'",Politics
"'꼼수 대망론' 한덕수, 고향 호남서도 환영받지 못했다",Politics
"유시민 ""대통령 되면 피바람?""…이재명 ""인생서 보복한 적 없다""",Politics
거대 양당 후보등록 마감...한덕수 경선 불참,Politics
이재명 “내란 사범에 분명히 책임 물어야…덮어놓는 게 통합 아냐”,Politics
"김성훈 경호차장, 간부들 소집해 '사퇴 의사' 밝혀",Politics
"尹부부, 나랏돈으로 2000만원 '히노키 욕조' ·500만원 '캣타워' 구입?",Politics
끊이지 않는 '한덕수 차출론'에 집안싸움 커졌다,Politics
"김문수 ""엑소더스 코리아 막아야""…AI 정책 쏟아낸 국힘 잠룡들",Politics
빈살만처럼 운전기사 자청한 시리아 장관... 수교 막전막후,Politics
"'尹 멘토' 신평 ""보수 진영 대선 주자들, 이재명 장점 살펴보라""",Politics
"[속보] 한덕수, 범여권 대선후보 적합도 오차범위 내 첫 선두…김문수 제쳤다",Politics
유시민·도올 만난 이재명 “정치는 실용적인 것…보복 않겠다”,Politics
김문수 “박정희 땐 총 안 쐈잖나”…고문·처형은 괜찮고?,Politics
"이재명 ""검찰에 칼잡이 꽂으면 우리도 망해.. 공수처 강화해야""",Politics
미리보는 국힘 공약노트…핵무장론 갈리고 연금개혁 재논의는 공감대,Politics
"20만명 폐업했는데... 최상목 ""자영업자 어려운 건 변화 못 따라가서""",Politics
‘미션: 5시간 안에 서명완료’ 조태열의 韓-시리아 수교작전 막전막후,Politics
"안철수 “한동훈 출마, 이재명에게 가장 큰 선물”",Politics
"이재명 ""내 인생사서 정치보복한 적 단 한 번도 없다""",Politics
12·3 이후 용산 참모들 잇따라 '폰 교체'...김태효는 이틀 간 3차례,Politics
"""尹 재구속하라"" 5만 명 동참…'지귀연 재판부' 지적한 군인권센터[오목조목]",Politics
"204명의 탄핵연대, 대연정 정치가 대한민국을 살린다",Politics
"황당 홍준표 ""비상계엄, 2~3시간 해프닝에 불과""",Politics
"민주당 '어대명' 경선룰에… 박용진 ""민심 반영 부족""",Politics
'반이재명 빅텐트' 폴대 든 보수 잠룡…'반탄·찬탄' 간극은?,Politics
"국힘 대선주자들, '反이재명 빅텐트' 시동 현실화되나",Politics
김성훈 경호차장 “4월 말 사퇴”…초유의 연판장에 백기,Politics
국힘 중심으로 ‘반명 빅텐트’ 부상… 현실화까진 과제 ‘첩첩’,Politics
[권순욱 칼럼] 궤멸 위기 국힘당이 사는 길,Politics
"‘1강’ 이재명, 공개 메시지-행보 줄이고 ‘조용한 경선’, 이유는?",Politics
절대 강자 없는 국힘 경선… PK 의원들의 지지도 ‘뿔뿔이’,Politics
“일베나 알까”…‘이재명 드럼통’ 극우 언어 퍼나르는 나경원,Politics
"플린 전 美 육군사령관 “주한미군 자산, 한반도 밖 인도·태평양 지역 전개 필요성”",Politics
"김동연의 '비명계' 유일 두 자릿수 지지율, '충청권'에서 견인",Politics
"[속보]한덕수, 범여권 대선후보 적합도 첫 1위",Politics
"이재명 ""인생서 보복한 적 한 번도 없다…시간 아깝고 재미없어""(종합)",Politics
"홍준표 ""4년 중임·양원제로 개헌 해야…헌재·공수처 폐지할 것""",Politics
"“테마주 조작”“어이없다”…국힘 주자들, 일제히 한덕수 때렸다",Politics
"국힘서 '反이재명 빅텐트' 띄우자…이준석 측 ""정치적 스토킹질""",Politics
"민주당 ""홍준표 '명태균 거짓말' 드러나...대선출마 아닌 정계은퇴하라""",Politics
"[인터뷰] 이준석 ""마라톤처럼 대선 완주…단일화 안 해도 이길 방법 있어""",Politics
"홍준표 ""청와대로 복귀해야…세종 이전은 위헌""",Politics
실효성 논란에도 ‘알래스카 LNG’ 출장 가는 산업부,Politics
"김문수·이철우 ""박정희 동상 서울 건립"" 한 뜻…단일화엔 선그어",Politics
'현역의원 모셔라'…국민의힘 주자들 '세몰이' 본격화,Politics
때릴수록 커지는 '한덕수 대망론'…국민의힘 경선 흥행 '비상등',Politics
[대선상황실] 양당 경선 후보 등록 마감…'빅텐트론' 급부상,Politics
오세훈에 '러브콜' 보내는 국민의힘 주자들…중도 표심 쟁탈전,Politics
방위비까지 '패키지 딜'?…관세협상 앞둔 한국의 딜레마,Politics
올해 육군 부사관 임관 역대 최저…전역·휴직은 되레 늘어,Politics
"이재명 저서에 '추경호가 계엄해제 시간 끌어'…秋 ""전혀 사실 아냐""",Politics
"[인터뷰] 김동연 ""당선되면 첫날 세종 갈 것…이전 못 할 이유 없어""",Politics
"뉴스타파, '홍준표-명태균' 여론조사 '대면 보고' 정황 확인",Politics
"박용진 ""한동훈도 올드한데.. 김문수 '보릿고개 타령' 맙소사""",Politics
"홍준표, 유승민 행보 묻자 “몰상식한 질문”…또 기자 면박 주기",Politics
'한덕수 대망론' 실체있나?..관세-국제통상 대응이 변곡점 될까,Politics
"“尹, 예수같다” 전한길 발언에…종교계에선 “염X하네~” 쓴소리",Politics
‘박정희 동상 건립 주장’ 김문수에…박용진 “보릿고개 호롱불 타령”,Politics
"홍준표, 기자 향해 ""○○○은"" 버럭하고 ""얼빠진 소리"" ""기자 몇 년 됐냐""",Politics
"이재명 ""살면서 정치보복 한 적 없어…에너지 낭비 심해""",Politics
"[특집 사사건건] 민주, 경선 룰 확정…국민의힘, 오늘 후보등록 마감",Politics
"‘박정희 옹호’ 김문수, 내일은 오세훈 만나···결선행 노린 투트랙 행보",Politics
"민주당 대선 예비후보 등록한 김동연 ""오로지 국민만 보고 가겠다"" [뉴시스Pic]",Politics
이재명 “‘폭싹 속았수다’ 보고 엄청 울어…문화의 힘”,Politics
오세훈에 너도나도 러브콜…김문수·안철수 내일 회동,Politics
"김문수, 재계 찾아 ""기업하기 좋은 나라 돼야…일률적 규제 안돼""",Politics
"김문수 ""박정희 덕에 샤워 자주해""",Politics
"PK 없는 이재명, 원내 확장한 홍준표, 강경파 부각 나경원… 윤곽 드러낸 캠프",Politics
"홍준표 ""대통령 취임 후 청와대 복귀…헌재·공수처 폐지""",Politics
"민주당 '이재명 대 양김', 국힘 '8룡 대전'",Politics
예상밖 흥행 저조 국민의힘 경선...한덕수 추대론에 컨벤션 효과 '적신호',Politics
"거대 양당 경선, '그들만의 리그' 전락",Politics
헌재도 공수처도 폐지…홍준표의 국가 대개조론,Politics
짙은 색 정장 대신 캐주얼... 이재명 스타일 달라졌다,Politics
대통령실 폐쇄론 직면… 주자들도 용산 기피,Politics
"‘경선 불참’ 오세훈…김문수와 아침 먹고, 안철수와 점심 먹는다",Politics
"[단독]한덕수, 대선 불출마 가닥…최종 단일화 없을듯",Politics
"민주당 ""'난가병' 한덕수, 대미협상 전에 대선 입장부터 밝히라""",Politics
"박은정 ""尹이 준 '축하 난', 1년 키워 '파면 난'으로... 자택에 반송 고민""",Politics
"'2017년 이재명' 노리는 김동연과 김경수... ""기대 못 미치면 정치 생명 치명타""",Politics
[특집 사사건건] 대선 주자 나경원,Politics
"野박용진 '박정희 동상' 주장 김문수에 ""보릿고개 호롱불 타령""",Politics
"박지원 ""한덕수 부인, 무속에는 '김건희 어머니'급…대선 못 나와""",Politics
"방사청, 한화오션에 제재 경고…KDDX 사업자 결정에 변수 되나",Politics
[여의도1번지] 후보 등록 마지막날…'제3지대·빅텐트' 급부상,Politics
"홍준표 ""청와대로 대통령 복귀해야…헌재 폐지·선관위 대수술""(종합)",Politics
"한동훈 ""이런 판결문 처음…헌재, 윤석열·이재명 동시 탄핵""",Politics
"김재섭 “윤석열, 보수 두 번 죽인 대통령… 尹심 팔아 ‘탄핵 비즈니스’? 징계 대상”[이슈전파사]",Politics
양당 오늘 후보등록 마감...한덕수 경선 불참,Politics
"국민의힘, '反이재명 빅텐트론' 대두…노무현·정몽준 단일화 모델",Politics
"사직 다음날 홍준표 캠프 직행 MBC 아나운서 ""비판 겸허히 수용""",Politics
"박용진 ""서태지 소환한 한동훈도 올드한데 김문수는 보릿고개 호롱불 타령""",Politics
"홍준표, 개헌·청와대 복귀 등 18개 정치 개혁안 발표",Politics
"김문수 ""박정희·이승만 동상, 광화문에 세우자""",Politics
"홍준표 ""대통령은 청와대 복귀해야…용산 이전은 잘못""",Politics
"홍준표 ""4년 중임제·양원제·정부통령제 개헌…헌재는 폐지""",Politics
"민주·국힘, 경선 구도 오늘 확정…대정부질문 이틀째",Politics
"이재명 ""'폭싹 속았수다' 보고 엄청 울어…공감의 힘""",Politics
[단독] 홍준표 쪽-명태균 1억원 돈거래 정황…“김영선 선거비용 5천”,Politics
"한덕수, 트럼프 통화 '별의 순간'?…관세전쟁 승전고 울려야",Politics
"한동훈 ""나경원, 닮을 게 없어서 통진당을…안타깝다""",Politics
"우상호 ""윤석열, 계엄 늘 준비했다는 자백…괴물 같다""",Politics
"""헌법재판관 지명철회 촉구 결의안은 부당""…국힘, 본회의장서 퇴장",Politics
한덕수 차출론에 '2017년 반기문' 떠올리는 이유,Politics
"[자막뉴스] ""한동훈만큼은 반드시 이겨야겠어"" 나경원 저격…""닮을 게 없어서 통진당을 닮냐"" 한동훈 반격",Politics
"""공보의 대신 군대 간 의대생 1,900명…의정갈등 중 입대 10배""",Politics
이준석 측 “빅 텐트 안 간다… 단일화 없이 완주”,Politics
본회의장 ‘벤치클리어링’…민주 “내란동조정당 해산” 주장에 권영진 격분,Politics
"전한길 “‘이기고 돌아왔다’는 尹, 예수님 같았다”",Politics
"[포커스] 한덕수 부상 왜?‥김상욱 ""김문수는 친윤에서 부담스러워""",Politics
홍준표 “李 막으려면 민주당 反이재명 세력과도 연대해야”,Politics
"'반이재명 빅텐트론' 꿈틀 ""이재명 상대 분열 필패 가능성은 열려있어""..""시간이 없어 아이디어에 그칠 것"" [박영환의 시사1번지]",Politics
한국인에겐 깐깐하게 굴더니…외국인 비자관리는 천하태평,Politics
"민주 “반명 빅텐트 가능성 없어... 한덕수, 반기문처럼 될 것”",Politics
"전한길 ""'이기고 돌아왔다'는 윤석열…예수님 같더라""",Politics
"""밭을 탓하지 않겠다""는 김동연, '어대명' 흔들 카드 있나",Politics
"권성동 ""한덕수, 국힘 경선 안 나와"".. 무소속 출마 언급은 없어",Politics
"드럼통에 들어간 나경원, 한동훈 때리는 안철수... 국민의힘 '4등 전쟁'",Politics
"김문수·안철수, 내일 오세훈과 각각 회동…정책연대 '러브콜'",Politics
"한덕수? 홍준표? 숨죽인 '반명' 이낙연, 누구 손잡을까",Politics
드럼통 들어간 나경원…“절대 굴복하지 않는다” 이재명 저격,Politics
"野 ""홍준표, 명태균 의혹 부인은 새빨간 거짓말…정계 은퇴해야""",Politics
"이재명, 자서전 ‘결국 국민이 합니다’ 출간…“기본사회 30년 준비할 때”",Politics
"[맞수다] 이게 왜 내란?‥""억지 궤변 창피"" ""아직 대통령이라 생각""",Politics
"'윤석열 멘토' 신평 ""이재명, '포용력 있는 사람'…여야 통틀어 독보적""",Politics
"[자막뉴스] ""반이재명 절박해"" 국민의힘 띄우는 '빅텐트'…이준석, 유승민, 한덕수 또 급부상?",Politics
"우 의장 ""韓대행, 대정부질문 또 불출석 매우 유감…왜 안 나오냐""",Politics
한덕수 경선 불참에도 野 견제 격화..관가에선 트럼프 협상 전략설,Politics
"文, 이재명 이어 김경수에도 ""다른 정당과 힘 합해야"" 주문…왜?",Politics
'이재명 빼고 다 모여라' 반명 빅텐트론 그리는 국민의힘,Politics
"안철수 ""한동훈? 이재명에 가장 쉬운 상대..이재명 이길 사람 안철수뿐""",Politics
"국힘, '이완규·함상훈' 지명 철회 결의안에 ""전형적 내로남불""",Politics
"홍준표 ""청와대로 복귀…인재 등용에 여야 가리지 않겠다""",Politics
"민주당 ""홍준표 '명태균 엮일 리 없다' 거짓말‥정계은퇴해야""",Politics
‘드럼통’ 들어간 나경원 “사람 묻어버린다고 진실 안 묻혀”…민주당 “공포 마케팅”,Politics
"급등·급락 반복하는 '한덕수 테마주'…한동훈 ""차출론은 주가 조작 같은 것""",Politics
‘김문수 지지’ 대학생 “방에 박혀 25만원 배급받으며 살고 싶지 않다”,Politics
"민주 ""홍준표 측근, 명태균 여론조사 대납 정황 드러나…정계 은퇴해야""",Politics
"[인터뷰 전문]김상일 ""한덕수, 정치인 됐다…대선에 마음 두고 있어""",Politics
"감사원 “외교부, 허위 잔고·초청장 낸 외국인에게도 비자 발급”",Politics
위조 잔고증명·초청장에도 비자 발급…출입국관리 ‘허술’,Politics
빠르게 날아오는 '美 청구서'…방위비 '패키지 딜' 방어 해법은,Politics
박용진 “윤석열 전 대통령 손절 안 하는 국민의힘 땡큐”,Politics
"안철수 ""검사 출신 한동훈, 이재명에 가장 쉬운 상대…스스로 물러나야""",Politics
김문수 “이재명 이기기 위해선 다 힘 합쳐야... ‘빅텐트’ 필요”,Politics
"“한덕수 부인, ‘김건희 어머니’라고 할 정도로 무속에 심취”",Politics
"""문수형은 탈레반""...홍준표, 김문수 유독 경계한 이유? [Y녹취록]",Politics
"홍준표 ""내가 되면 경제부총리는 유승민…탁월한 경제 이론가"" 러브콜",Politics
"곽규택 ""한덕수 대선 안 나올 것…尹 각본? 확대 해석""",Politics
나경원 “이재명 ‘드럼통 정치’에 많은 국민들 공포에 떨어…사람 하나 묻어버린다고 진실까지 묻힐 거라 생각 말라”,Politics
양당 후보 등록 마지막날…한 대행 불참에 '제3지대' 촉각,Politics
"[현장] ""서울에 동상 세우자""…'박정희 정신'으로 뭉친 김문수·이철우",Politics
"인니 비자업무, 직원 1명이 하루 517건... 부실 심사로 불체자 속출",Politics
"이재명, '조용한 경선' 모드…상황 관리 주력",Politics
"민주 ""명태균에 맞춤 여론조사 의뢰…홍준표, 정계 떠나라""",Politics
"이철우의 대선 필승 전략, “나같은 신무기가 등장해야 한다니까?” [국회의사담 앵커스]",Politics
"尹 친구 신평 ""이재명 앞서 보수 후보는 도토리 키재기""",Politics
"'총선 험지출마' 홍익표, 민주당 경선룰 논란에 ""과정·절차 아쉽다"" 쓴소리",Politics
'어대명' 1주 먼저 본선행…'김·한·홍' 3파전 흥행 기대,Politics
"김용태 ""강성층, 친한계에 '현상수배' 포스터까지…의원들 지칠 수 있어""",Politics
"한국에서 3869억 번 구글코리아, 세금은…'조세 회피' 논란",Politics
김정섭 전 국방부 기조실장 “문민 출신 국방장관 나와야” 내란 이후 군개혁 화두[인터뷰],Politics
"신평 ""現국힘 후보들 이재명 당할 수 없어…尹, 한덕수 적극 도와줘야""",Politics
"박지원 ""김두관 불출마, '경선룰'보다 김경수 때문""",Politics
"김문수 ""자영업자도 노사정 참여...이재명 이기려면 단일화해야""[인터뷰]",Politics
"“내가 언제 모두 이해할 수 있는 것만 하던가”...이문열, 김문수와 한 배 탄 이유 물었더니",Politics
"“모르면 좀 가만히 있어라”…안철수, 이재명표 ‘한국형 챗GPT’ 공약에 직격",Politics
"‘한덕수 출마설’에…민주당 “자신 있으면 나와라, ‘떴다방 후보들’ 차고 넘쳐”",Politics
"서왕진 ""조국, 尹 내란 쿠데타 최초 최대 피해자..이재명 집권, 사면 복권이 순리""[여의도초대석]",Politics
탄핵 선고 후 반응 엇갈린 용인 지역 정치판,Politics
"민주 ""홍준표, 명태균 여론조사 대납 정황…정계 은퇴해야""",Politics
"민주, 한덕수에 ""자신 있으면 나와라…양파 벗기듯 하나하나 검증""",Politics
"'단일화' 이야기 나오자...나경원 ""제가 1등 할 건데요?"" [Y녹취록]",Politics
"""지지하는 청년들 많다""...거짓 지지 시위 연출한 대통령",Politics
"""아직 어린데"" 만류에도 6·25참전 故주영진 일병, 가족품으로",Politics
"나경원 '尹파면 헌재결정 받아들이나' 묻자 ""굉장히 아쉽다""",Politics
"영어 실력 뽐내던 北안내원, 김정은 후계자 묻자 이런 반응",Politics
"이준석, 尹 '국회 봉쇄' 부인에 ""어떤 X신이 명령을 내려서""",Politics
"김문수 ""이재명 이기려면 힘 합쳐야…반명 빅텐트, 경선 끝낸 뒤 판단""",Politics
"박정희·김대중·노무현·박근혜 언급한 李 신간, ‘이 사람’은 없었다",Politics
"홍준표·명태균 만남 정황, 맞춤 여조 의혹...민주당 ""홍, 정계은퇴""",Politics
[대선 D-49] 국힘 경선에 11명 후보 등록…'4강 혈투' 본격화,Politics
"박종선 대전시의원 ""국민의힘, 대선후보 내지 말아야""",Politics
"'한덕수 차출론'에 한동훈 ""거칠게 비유하면 테마주 조작…패배주의 보여줘""",Politics
"'출마설' 한덕수에 공세 퍼부은 민주당...""내일 탄핵 여부 결정""",Politics
"""'이재명 망언'이라더니""…국힘, '주 4.5일제' 대선 공약으로 내건 이유는?",Politics
"홍준표 ""민주당 반이재명 세력도 연대해야…연정도 가능""",Politics
"홍준표 ""억울한 尹 기회 더 줬어야…한동훈 깐족거려 계엄했을 것""",Politics
"[단독] 김문수 ""이준석은 물론 유승민·이낙연·오세훈 끌어안겠다…'反明 빅텐트' 완성해야""",Politics
"'보수 향수' 자극 나선 김문수, 한 손엔 '박정희' 다른 손엔 '청년'",Politics
드럼통에 들어간 나경원 “사람 묻는다고 진실까지 묻히지 않아”…이재명 겨냥했나,Politics
"박지원 “한덕수, 온실 속 난초같이 자란 사람…땜빵 주자 될 듯”",Politics
“말조심 또 조심” 이재명의 무거워진 입 [런치정치],Politics
뜨는 한덕수에 ‘찬물’…민주 “제2의 반기문” “땜빵 주자” 맹공,Politics
"""한동훈이 들어가자, 한덕수는 빠졌다.. 그리고 유승민은 돌아왔다""",Politics
"이재명, '조용한 경선' 모드…대권가도 상황 관리 주력",Politics
‘경선룰’ 반발 불출마 잇따라…‘역선택 방지’ 뭐길래,Politics
‘보수 직행’ 김문수 “박정희·이승만 동상 광화문에 세워야”,Politics
[단독] '친명 수석' 김민석이 쓴 '이재명 관찰기'…오는 23일 출간,Politics
"""10시 정각 오픈 런""…'잼통령' 후원금 인증 이재명 지지자들",Politics
"박지원 ""김두관 경선 불참, 김경수 때문… 한덕수 땜빵론은 '윤건희' 작품""",Politics
"달라진 ‘윤석열 멘토’ 신평 “이재명, 여야 통틀어 포용력 독보적”",Politics
[시사정각] 한덕수 차출론에 연판장까지 등장...이재명은 '기본AI' 공약 내세워,Politics
"나경원 ""경선 1등할 것…제가 1등하면 우리가 된다""",Politics
국민의힘 경선에 '한 대행 불참'…민주 경선 '3파전',Politics
보수정당의 ‘전략통’ 김재원…김문수의 손을 잡다 [V메이커스],Politics
"이재명 띄운 '전국민 무료 AI'…보수 잠룡 ""모르면 좀 가만히""",Politics
“제 처가 동네” 충청공략 공들이는 이재명,Politics
‘反이재명’ 거리두는 김경수의 착한 2등 전략,Politics
재미도 변수도 정책경쟁도 없는 ‘그들만의 경선’,Politics
"박은정 “관저 캣타워·욕조 설치 업체, 김건희 관련 회사”",Politics
"김상일 ""韓의 '마지막 소명', 대선으로 간다는 것""[팩트앤뷰]",Politics
국힘 후보들 ‘박정희 향수 자극’ 당심잡기,Politics
"박지원 '제3지대 反明 빅텐트론'에 ""국민의힘이 더 손해""",Politics
"국힘 주자들, 저마다 '반명 빅텐트'…각론서 주도권 신경전",Politics
홍준표 “개혁신당·민주당 반이재명 세력 ‘빅텐트’ 만들어야”,Politics
'어대명'에 2등 차별화…김경수 '지방분권' 김동연 '경제통',Politics
"양당 오늘 후보등록 마감...""한덕수 경선출마 안 해""",Politics
"드럼통 앞 나경원… ""들어갈지언정 굴복하지 않는다""",Politics
"민주, 한덕수 '탄핵' 아직 고심…""추경 15조원은 돼야""",Politics
뭉치는 국힘 '반탄파' 주자들…막판 단일화 모색할까,Politics
'명태균 게이트' 문 틈새로 윤석열·김건희가 보인다,Politics
"[人사이더] 권성동 “한덕수, 출마 안해”... ‘이재명 대항마’ 놓고 경선 본격화",Politics
"정성호 “민주 경선 룰, 당원 선택한 결과…李 공격적인 스타일 아냐”",Politics
권성동 “한덕수 경선 안 나와”…주자들은 ‘영입설’ 일제히 견제,Politics
김문수 “이재명 이길 빅텐트 필요… 韓 대행 출마는 맥 빠져”,Politics
[대선주자와 종교]이준석 한동훈의 공통점은?[AK라디오],Politics
"[단독] 민주당, 경제부처 개편 속도전…금감원도 쪼갠다",Politics
"국힘 지도부·주자들 '한덕수 출마론' 경고…""경선 집중할 때""",Politics
"'박정희'로 의기투합 반탄주자들…""'우리 당' 후보로 뭉쳐야""",Politics
'탄핵 찬성' 안철수가 '찬탄파' 한동훈 집중적으로 때리는 이유?,Politics
'한덕수 재판관 지명 가처분' 헌재 오늘 재판관 평의…이번주 내 결론?,Politics
경선룰 반발 확산 ‘반명 빅텐트’ 촉각,Politics
"한동훈 ""한덕수 추대론, 테마주 조작 같은 것…청기백기 게임 같아""",Politics
"국힘 주자들, '반명 빅텐트' 찬성…김문수·홍준표 ""힘 합쳐야""",Politics
"이재명‧한동훈‧이준석 ""월급쟁이가 봉인가, '근로소득세 인하'"" 한목소리",Politics
"한동훈 입에서 나온 단어 ""주가조작""‥누구를 겨냥?",Politics
"김문수 ""맥 빠져"", 홍준표 ""어처구니"", 한동훈 ""테마주 주가조작, 나경원 ""기승전 용병""…'한덕수 차출론' 반발",Politics
"윤이 준 '축하 난', '파면 난'으로…박은정 ""자택으로 보낼지 직접 전달할지 고민""",Politics
"한 대행, 국민의힘 경선 불참…민주 경선 '3파전'",Politics
"새민주 ""이재명당, 이낙연 그림자에 놀라 국민경선 도려내…공산당 구조화""",Politics
“박정희 계승” 외치는 보수 대권 주자들,Politics
"이재명, 비상계엄 직후 민주당 단톡방에 '세 글자'... <결국 국민이 합니다>에 밝힌 '막전막후'",Politics
부친 만류에도 자원입대한 6·25 학도병…75년만에 가족 품으로,Politics
"김문수 ""이승만·박정희 대통령 동상, 광화문 광장에 세워야""",Politics
"한덕수 경선 불참에도…""간덕수·주가조작"" 잠룡들 더 센 견제구",Politics
"[뉴스포커스] 민주, 경선 룰·일정 확정…식지 않는 한덕수 등판론",Politics
국민의힘 '반명 빅텐트론' 거론...한덕수 등판에는 반발,Politics
여야 본격 대선 경선 모드…15일 후보 등록 완료,Politics
"""이재명에게 선물"" ""분열DNA""…한동훈 향한 날선 견제구",Politics
안철수 “이재명에게 가장 쉬운 상대는 검찰 출신 한동훈” 직격탄,Politics
"김경수 ""한덕수 차출론? 내란세력과 결별 못한 국민의힘의 한계""",Politics
"김문수 ""'반이재명 빅텐트' 필요…조금씩 다 나눠먹으면 李 당선""",Politics
"권성동은 '안 나온다'는데…박수영 ""한덕수 출마 가능성 65%, 계속 설득""",Politics
"국힘 지도부·주자들 '한덕수 출마론' 경고장…""경선 집중할 때""",Politics
"'홍준표 지지' 김대식 ""누가 이재명을 꺾을 것인가, 그 답은 홍준표""",Politics
국민의힘 '빅텐트론' 군불…반탄 주자들은 연대 움직임,Politics
"尹부부 이삿날 포착된 ‘캣타워’…민주 “500만원짜리, 나랏돈 횡령 가능성”",Politics
"홍준표, '이재명 대세론'에 ""50일, 상황 뒤집기 충분한 시간""",Politics
"나경원 측 ""한동훈, 벌써부터 입이 걱정…당 분열 멈춰야""",Politics
"홍준표 ""反이재명 빅텐트 만들어야…민주당 '반명'도 같이할 수 있어""",Politics
"“미쳤네” 12·3계엄 때 ‘라이브’ 켠 이재명, 이유 들어보니",Politics
"""이완규 재판관 지명 철회하라""…국회 운영위, 결의안 의결",Politics
"국힘 지도부·주자들 '한덕수 출마론' 경고장…""경선 집중할 때""",Politics
"홍준표 ""국힘 중심으로 민주 반명 세력까지 연대해야""",Politics
"방송사 출신 이충형·박보경, 김문수 ‘입’으로… 부대변인에 사회 운동가 함초롬",Politics
"[현장] 홍준표, '현충원 참배'로 대선 행보 시작…""나라 다시 만들겠다""",Politics
한국형전투기 KF-21의 반전? 인도네시아 대신 UAE? [신대원의 軍플릭스],Politics
"김문수, 한덕수 출마론 커지자 ""경선하는 사람 입장에서 조금 맥이 빠진다""",Politics
대선 주자 릴레이 인터뷰...'5선' 나경원 의원,Politics
[무등의 아침] 강기정 “지금은 대선·국회의 시간…여의도 집무실 열어 광주 공약 반영 총력”,Politics
"나경원 ""조기대선 원인 한동훈 이겨야"" 한동훈 ""계엄 옹호 정치인 반대""",Politics
"조응천 ""이준석은 변수 아닌 상수…완주·빅텐트·제3지대 선택 가능""",Politics
"박은정 ""관저 캣타워·욕조, 예산 부풀린 듯…국고 손실 수사 필요""",Politics
"박용진 ""민주당 '50대 50' 경선 룰, 민심 반영 부족한 것""",Politics
"홍준표 ""민주당 반이재명 세력과 힘 합쳐야…연정도 가능""",Politics
어느 때보다 중요해진 대선 후보 배우자 검증… 결혼 스토리 8人8色,Politics
홍준표 “필요하면 연정도 가능”…연일 ‘반명 빅텐트’ 띄우기,Politics
"안철수 ""'검사출신' 한동훈, 이재명에게 가장 쉬운 상대…물러나야""",Politics
[전격시사] 신지호 국민의힘 전 전략기획부총장 - “한덕수 차출론 ‘패배주의’…경선 흥행해야 본선도 경쟁력”,Politics
"한동훈, 나경원 겨냥 ""계엄이 허물일 뿐인가""",Politics
"김문수, 反이재명 빅텐트 강조…""이기려면 힘 합쳐야""",Politics
"권성동 ""한덕수 경선 안 나온다... '출마설' 언급 도움 안 돼""",Politics
"한동훈 ""한덕수 출마론? 테마주 주가조작 같은 것""",Politics
尹 ‘다 이기고 돌아왔다’ 발언에 전한길 “예수님 같다”,Politics
"권성동 ""한덕수, 경선 출마 안 한다""라지만... 불 붙는 단일화",Politics
"김경수 ""국힘, 내란 세력과 결별 못한 게 한계""",Politics
"[정치쇼] 조응천 ""尹 곧 뒤안길로…윤심 '모르핀' 찾는 후보 있을 수도""",Politics
"개헌 미루는 이재명, 신왕(王)? 주인으로 섬기는 머슴 솔론?",Politics
"박지원 ""김두관 경선 거부는 '친노·친문' 김경수 출마 때문""",Politics
"신평 ""올망졸망 난쟁이 형제들 모인 국힘 대선후보들 '尹지우기' 열심""",Politics
한동훈 때리는 안철수·나경원…‘反이재명 텐트’ 외친 김문수·홍준표,Politics
"김한규 “한덕수, 대선후보군 올라 합리적 판단 못 해…누구 맘대로 통상협상 주역?”",Politics
"김문수 ""이재명 이기기 위해 빅텐트 필요…경선 끝낸 뒤 판단""(종합)",Politics
"김대식, 국민의힘 원내대변인직 사퇴…""홍준표 지지 의원 30여명""",Politics
"박찬대 ""한덕수 안하무인 전횡, 尹 빼닮아""",Politics
"""한덕수 단일화 트랙으로?…출마 가능성 높아"" [뉴스캐비닛]",Politics
"양당 오늘 후보등록 마감...""한덕수 경선출마 안 해""",Politics
"한국 정치, 이제는 세대교체를 설계할 시간[복지국가SOCIETY]",Politics
"""尹, 마치 예수님 같았다""는 전한길 ""尹心 얻어야 보수 진영 대선 승리""",Politics
"“윤석열 500만원 캣타워, 국고손실 따지자…착복 의심 수사해야”",Politics
"국힘 주자들, 이재명에 종합선물세트?…안철수 ""이길 사람은 나뿐""",Politics
[대선따라잡기] 국민의힘 오늘 후보 등록 마감…한덕수 대행은?,Politics
이재명 “오직 국민께만 빚져왔다…덕분에 지금까지 검은 돈 유혹 받지 않고 정치할 수 있어”,Politics
대통령실 폐쇄론 직면... 대권주자 대부분 용산 기피,Politics
"김대식 ""당내 홍준표 지지 현역 30여명…빅텐트 쳐야 승리할 수 있어""",Politics
"이준석 ""대선 빅텐트? 무시하고 간다...과거와 미래 선명히 대비시킬 것""",Politics
"[전격시사] 김경수 전 경상남도 지사 - “민주 정부 공과 계승·극복하겠다! 국힘, 개헌 무산 책임 느껴야”",Politics
"안철수 ""한동훈, 이재명에 가장 큰 선물""… 같은 '찬탄파' 직격",Politics
"'대선 D-50' 1위, 8번 중 6번 대통령 됐다…보수 대역전극 가능할까 [강진규의 데이터너머]",Politics
한덕수가 거슬리는 김문수·이철우 “차출론? 정신 차려야”,Politics
“이 돈 받고 목숨 걸라니”…부사관 전역·휴직 쏟아지는 육군,Politics
"정성호 ""'반이재명 제3지대' 전혀 가능성 없어…이재명 심판 선거 아냐""",Politics
"박찬대 “한덕수, 헌법·국회 무시 가관…‘내란수괴 대행’ 윤석열 빼닮아”",Politics
"국힘 김대식, 홍준표 지지 선언…""의원 30명 넘어""",Politics
"[전격시사] 정성호 더불어민주당 의원 - “김두관 불출마 아쉬워, 김경수·김동연 완주해 성과내길…국힘, 정권 만들 능력 없어”",Politics
"'민주 경선 2金 연대론'에 김경수 ""비전·정책 경쟁이 우선""",Politics
"김경수 ""민주당, 경선 룰 미리 정했으면…김두관 불참 이해""",Politics
"홍준표, 빅텐트 재차 언급 “反이재명 연대 만들어야""",Politics
"한동훈 ""한덕수 띄우기는 테마주 주가 조작 같은 것""",Politics
"北, 고위 간부 배우자 휴대폰 검열 착수",Politics
"국힘 대선 주자들 ""반(反)이재명 빅텐트 필요…한덕수 차출은 `글쎄`""",Politics
"홍준표 ""당 후보 중심 반이재명 연대해야… 필요시 연정 가능""",Politics
"박은정 ""尹관저 캣타워·히노키 욕조 설치 업체 김건희 관련 회사""",Politics
"홍준표 ""반이재명 연대 필요…尹은 자중해야""",Politics
‘어대명’ 민주-‘반탄 난립’ 국힘…‘반명 빅텐트’ 촉각 [이런정치],Politics
갑자기 드럼통에 들어간 나경원…'굴복하지 않는다' 피켓 든 이유,Politics
"정성호, 민주당 경선룰 논란에 ""당원 선택의 결과"" 일축",Politics
尹이 준 당선 축하 난…1년 만에 파면 축하 난으로,Politics
"'尹 멘토' 신평 ""실용주의자 이재명, 적수가 없어…보수는 도토리 키재기""",Politics
"[뉴스+] ① 이철우 ""계엄은 정당한 통치 행위인데···사상전에 걸려들어 12명이나 찬성해""",Politics
"인터뷰 전문…구자룡 “나경원·한동훈, 길거리 막싸움처럼 싸우면 고개 돌아가” [정치시그널]",Politics
"野 ""尹 첫 재판, 82분 피고인 주장 다 들어준 재판부 의아""",Politics
"홍준표 “2~3시간 해프닝, 탄핵은 좀 과해…한 번 더 기회 줄 수 있지 않았나”",Politics
"유승민, 무소속 출마강행?... ""백지 상태서 고민""",Politics
정치인 위 '상왕' 노릇 여론조작 브로커...고발해도 변한 게 없다,Politics
"권성동 ""韓대행, 국힘 경선 출마 안 해""(종합)",Politics
"안철수, 한동훈 저격 “이재명에게 가장 손쉬운 상대… 양심 있으면 물러나야""",Politics
"박지원 ""한덕수 부인, 무속에서 '김건희 어머니'급… 대선 못 나와""",Politics
"안철수 ""조선제일검 한동훈, 이재명에 가장 쉬운 상대""",Politics
"[정치쇼] 박용진 ""한덕수 추대? 보수정치 종말의 상징""",Politics
"한동훈 ""한덕수 추대론, 테마주 주가조작 같은 것…기득권 연명 의심""",Politics
"尹부부, 나랏돈으로 고가의 ‘캣타워’·‘히노키 욕조’ 구입해 사저로 이사…‘횡령죄’ 적용되나",Politics
"[뉴스1 PICK]권성동 ""한덕수, 국민의힘 경선 출마 안 한다""",Politics
"정성호 ""경선룰, 이재명에게 유리?…당원 신뢰 반영""",Politics
"홍준표 ""反이재명 연대 만들어야..필요하면 연정도 가능""",Politics
한덕수 “마지막 소명 다할 것”…주자들 반발에 지도부도 “옹립 없다”,Politics
"홍준표 ""민주당 반이재명 세력도 연대…필요하면 연정도 가능""",Politics
박정희 기념관에서 회동한 김문수-이철우 [뉴시스Pic],Politics
"인터뷰 전문…박수영 “한덕수 출마, 65%까지 왔다…국민적 열망 있어” [정치시그널]",Politics
"한동훈 ""한덕수 출마 촉구 연판장 공개하라""",Politics
"박지원 ""김문수·홍준표 '싸움쟁이들'…한덕수에 양보없을 것""",Politics
"‘4년 중임제’, 대통령 권력만 강화… 자칫 ‘8년 독주 대통령제’ 된다[Deep Read]",Politics
"김문수·홍준표도 '반명 빅텐트'…""이재명 이기기 위해 힘 합쳐야""",Politics
"[한칼토론] ""한덕수 출마, 99.9%인 이유""",Politics
"한동훈 “국민 관심 없는 ‘한덕수 차출론’, 테마주 주가조작 같아”",Politics
"한동훈, '한덕수 차출론'에 ""일종의 테마주 주가 조작""",Politics
"김문수, 한덕수 출마론에 ""맥 빠져""",Politics
"이인제 ""대선 승리로 이끌 보수 후보? '홍준표'는 할 수 있어""",Politics
한동훈 “배신자라길래 ‘계엄 안 막을 거냐’ 물었더니 대답 못 하더라”,Politics
"나경원 ""빅텐트? 정치는 상상력, 때로는 결단해야""…""한동훈, 민주당에 공조한 셈"" [뉴스캐비닛]",Politics
1심만 6년째 나경원... 5분 만에 법정 떠나 만난 사람은?,Politics
"MBC 이성배 아나운서, 퇴사 후 '홍준표 대변인' 합류",Politics
"李, 후원계좌 오픈 앞두고 “지금은 이재명에 투자해달라”",Politics
‘尹 멘토’ 신평 “보수 ‘판짜기’ 없으면 이재명 대통령 굳어질 것”,Politics
"[인터뷰] 한동훈 ""한덕수 출마론, 테마주 주가 조작 같아""",Politics
"안철수 ""이재명, AI 모르면 제발 가만히 있어…토론 붙어보자""",Politics
"박지원 ""한덕수 '땜빵'론, '윤건희' 작품""",Politics
"민주 ‘민심 50:당심 50’4곳서 투표 … 국힘, 4→2→1명 ‘3차례 경선’[10문10답]",Politics
"김문수 ""韓대행 차출론에 맥 빠져""…이철우 ""제3인물 얘기는 문제 있어""",Politics
나경원이 드럼통에 들어간 이유는?,Politics
"김문수 ""이재명 이기려면 어떤 경우든 힘 합쳐야""",Politics
"출마론 띄울 땐 언제고…권성동, “한덕수 출마 언급 그만”",Politics
"권성동 ""한 대행, 경선 출마 안 해…출마설 도움 안 돼""",Politics
권성동 “한덕수 국힘 경선 안 나온다”…무소속 출마는 언급 안해,Politics
권성동 “한덕수 경선 안 나와… 출마설 언급 도움 안 된다”,Politics
"홍준표 ""민주 반명 세력도 텐트로 와야 이재명 막는다""",Politics
뜨거운 '차출론'…대선 변수 한덕수에 쏠리는 시선,Politics
"정성호 “민주 경선 룰, 당원 선택한 결과…김두관 불출마 아쉽다”",Politics
“내란 공범이라니!” “왜 손가락질이야?”…아수라장 된 국회,Politics
"국힘 지도부 ""한덕수 옹립 없다"" 음모론 일축",Politics
"한동훈 “한덕수 차출론, 일종의 테마주 주가 조작”",Politics
"""이재명 국회 월담, 사진 찍기 쇼""...80분간 직접 발언 한 尹 [Y녹취록]",Politics
"홍준표 ""2030 인기가 내 중도확장성…의원·당협 등 100여명이 지지""",Politics
“예수님 같았다”…‘다 이기고 돌아왔다’ 尹 발언에 전한길이 한 말,Politics
"野박지원 ""김두관, 김경수 때문에 불출마...빅텐트? 국민의힘 손해""",Politics
"[정치쇼] 홍준표 ""尹, 지금은 자중해야…한덕수 영입? 나중에 큰 문제될 것""",Politics
"곽규택 ""한덕수, 출마 안할 것…'뒤에 尹 있다'는 것은 확대 해석""",Politics
"""국민의힘에 타격 될 것""...'한덕수 배후설'에 언급된 윤석열·김건희 [Y녹취록]",Politics
"""국힘 54명 한대행 출마 촉구"" vs ""경선주자 물 먹이는 일""",Politics
"尹, '다 이기고 왔으니 걱정 마시라' 발언에⋯전한길 ""예수님 같아""",Politics
"최재성 ""한덕수, 독자 출마 역량 안 돼...반기문과 비슷한 결과로 귀착""",Politics
"국힘 김용태 “韓 갈등, 민주화 이후 최대치…극단적 여소야대 없애야”",Politics
文 예방한 김경수 “‘민주세력과 힘 합쳐 정권 교체 반드시 실현’ 당부”,Politics
[뭐라노] 뜨뜻미지근 韓대행…속 끓이는 잠룡들,Politics
힘받는 중도보수 반(反) 이재명 빅텐트론…한덕수 참여하나[뉴스쏙:속],Politics
"이성배 아나운서, MBC 퇴사…당일 ‘홍준표 대변인’으로",Politics
"김문수, 경총 방문…홍준표·한동훈, 정책 비전 발표",Politics
"홍준표 ""정상적인 대선보다 쉬울 수도…이재명 잡을 사람은 나""",Politics
‘다 이기고 돌아왔다’는 尹에 “예수님 같다”는 전한길,Politics
"[뉴스UP] ""몇 시간짜리 내란?"" 윤, 첫 형사재판...반성은 없었다",Politics
"안철수 “검사 출신 한동훈, 이재명의 가장 쉬운 상대”",Politics
"우상호 ""한덕수, 대선 출마론 즐겨… 황교안만도 못해"" [한판승부]",Politics
"“난 강릉서 장교복무· 父 춘천고·母 춘천여고”…한동훈, 강원 민심 잡기",Politics
"'배신자 프레임' 반박한 한동훈 “불법 계엄, 우리 아버지가 해도 막을 것”",Politics
"""한국형 챗GPT 무료"" 이재명에 안철수 ""AI 모르면 좀 가만히 있어라"" 질타",Politics
"檢, 김혜경에 300만원 구형…""비서에 책임 전가""",Politics
"12·3 쿠데타 옹호자, 부산시 교육 수장 될 뻔",Politics
“누가 국민을 위해서 사냐? 윤석열 한 사람.” [말말말],Politics
'경선' 발 뺀 한덕수‥'반탄' 일색 국민의힘,Politics
"첫 공판부터 충돌...""재판 공개 여부, 다시 판단""",Politics
"중도층 66% ""윤석열, 대선에서 부정적 영향""",Politics
"윤희석 ""가수왕 뽑나? 국힘 경선, 의자 뺏기 할 때 아냐"" [한판승부]",Politics
"민주 서용주 ""오세훈, 생태는 피했어도 명태는 못 피했다""",Politics
대통령 파면 후 첫 대정부질문…재판관 지명 충돌,Politics
"박수영 ""국힘 의원 54명 한덕수 출마 촉구 확인... 분위기 달라져""",Politics
'영어 술술' 北여행가이드…'김정은 후계자' 질문에 깜짝 반응,Politics
재벌 걱정만큼 쓸데없는 상속세 걱정,Politics
"장윤미 ""한덕수, 대선 판 흔들며 '기름 장어'처럼 얌체 짓"" [한판승부]",Politics
"[인터뷰] 홍준표 ""정상적인 대선보다 쉬울 수도…이재명 잡을 사람은 나""",Politics
3파전 좁혀진 국힘…한덕수 최대 변수 속 4위 경쟁 치열,Politics
이재명 후보가 17개 시도 전 지역에서 이겼던 기록 [이봉렬 in 싱가포르],Politics
"친윤 박수영 ""한덕수 출마 촉구 54명 서명"" →친한계 ""경선주자 단체로 물 먹여""",Politics
[팩트체크] 한국은 대통령 단임제…전세계 다수 통치체제는,Politics
"이재명, 양자대결 모두 압승‥최소 18%p 격차",Politics
‘경선룰’ 반발 불출마 잇따라…‘역선택 방지’ 뭐길래,Politics
"이재명 ""한국형 챗GPT 무료""…안철수 ""황당, 모르면 가만히 계시라""",Politics
"'핵 자강론' 원인인가..美, 한국 '민감국가' 오늘 발효",Politics
"""더이상 독고다이 아니다""…홍준표의 세 번째 도전, 별의 순간 잡을까",Politics
"尹부부, 나랏돈으로 500만원 '캣타워', 2000만원 '히노키 욕조' 구입했나",Politics
"한덕수 ""마지막 소명"" 해석 분분…'차출설' 반발도",Politics
"홍준표 ""이재명 심판""…후보자 등록 오늘 마감",Politics
"'경선 불참' 유승민 승부수?...""무소속·제3지대 검토""",Politics
오세훈 대신 안철수? 나경원?...4강 마지막 티켓이 '최종 승자' 가른다,Politics
"[단독] 방사청, 한화오션 ‘부정당업자 제재’ 검토…이달 30일 방추위서 KDDX ‘최종 결론’ 가닥[이현호의 밀리터리!톡]",Politics
"“이재명 대항마는 누구” 국힘, 오늘 경선후보 등록 마무리",Politics
"민주, 대선경선 3파전 확정…이재명, 유시민·도올과 대담",Politics
"“누가 와도 못 막는다”…이재명, 여권 주자 모두에 26%p↑ 압승",Politics
민주당 '룰 파동'…'어대명 경선' 첫발부터 삐걱,Politics
"한정애 ""심우정 딸 '필기반영' 기록 없는 외교부, 어불성설""[이정주의 질문하는 기자]",Politics
"한동훈 ""우리 아버지가 했어도 불법 계엄은 막아야""",Politics
"3년 만에 망한 정권, 5년치 보은인사 몰아치려니…‘알박기’ 금도 넘었다",Politics
"김경수 “용산 대통령실, 단 하루도 사용 안 돼”",Politics
"대권 출사표 낸 홍준표… “이재명, 심판대 세워야”",Politics
'이재명 망언' 취급받던 주 4.5일제…국힘 대선 공약으로 '우뚝'[오목조목],Politics
제3지대 꿈틀댄다…유승민∙김두관 무소속 출마 저울질,Politics
유승민 14→3%…'역선택 방지룰' 적용하니 지지율 요동쳤다,Politics
"[일문일답] 홍준표 ""국힘 후보 지지율 전부 한 자리…갑론을박도 코미디""",Politics
"국민의힘, 대선 경선 대진표 완성…'4강' 경쟁 본격화",Politics
경선룰 갈등 속 민주당 경선 '3파전'…오늘 예비후보 등록,Politics
'한덕수 띄우기'에 뿔난 잠룡들…힘빠진 국힘 경선,Politics
"""사퇴 명분 만들어 줄 필요가..."" 민주당, 한덕수 대망론에 탄핵 신중",Politics
'꾼'에게도 급이 있다...누가 당원 명부 최신판을 쥐고 있나,Politics
"양당 경선 무용론에 '반명 빅텐트' 솔솔... 범보수 단일화냐, 제3지대 연대냐",Politics
"""특정 후보 추대식"" 전락한 민주당 경선… '부자 몸조심'에 흥행과 통합 날렸다",Politics
"태양광 비리 쫓던 檢, '여론조사 조작' 꼬리를 찾았다...무더기로 발견된 휴대폰",Politics
'어대명 추대 경선' 굳히기?…김두관 경선 거부에 3파전 재편 [정국 기상대],Politics
범보수 '反이재명 빅텐트론' 떠오른다…한덕수·이준석도 '한솥밥'?,Politics
"'한덕수 의식했나' 김문수, 'TK 거점' 안동 방문…지지층 결집 행보 나서",Politics
"경선룰 발표에도 여유로운 이재명, 공식 첫 일정도 '정책' 집중",Politics
‘어대명 룰’ 확정에… 김두관 “경선 거부” 김동연 “원칙 파괴”,Politics
"‘오폭’ 전투기, 비행경로 사전훈련 안했다",Politics
"국힘 후보등록 첫날, 반탄 주자들이 쏘아올린 ‘反이재명 빅텐트’",Politics
"“내란당 해산” “야, 조용히 해!” 몸싸움 직전까지 간 대정부질문",Politics
"홍준표 ""이재명 심판""…주자 간 '신경전' 가열",Politics
"자나깨나 입조심… ‘대선 3수’ 이재명, 본선까지 ‘안정 전략’",Politics
"김동연, 당원 50%·국민 50% 경선 룰에 “협의 없었다…이재명, 의심받기 충분”",Politics
"한 차출설 여진 계속…지도부, 뒤늦게 “특정 후보 옹립없다”",Politics
"출마 안밝힌 한덕수, 국무회의서 “마지막 소명” 아리송 발언",Politics
“李는 정치적 계산… 난 민주당 DNA로 경제 대통령 되겠다”,Politics
“알래스카 LNG부터 韓美 협상 시작”,Politics
"""이게 왜 내란?""‥법 지식 과시하며 큰소리",Politics
"[현장] 김경수, 경선 앞두고 봉하~평산 광폭행보…친노·친문 '적통' 강조",Politics
이재명 vs 2金 구도된 민주 경선…뜨거운 '2등 싸움',Politics
"'보수 텃밭' TK 흔들기 나선 이준석, 대안될까?",Politics
탄찬파 절반 떠난 국힘 경선…중도보수 표 어디로 갈까,Politics
"[현장] ""무대홍"" 연호 이어진 홍준표 캠프…'라스트 댄스' 대선 화려한 출발",Politics
"홍준표 ""계엄 사태는 탄핵으로 정리된 만큼 이재명 심판해야""",Politics
‘反이재명 빅텐트’ 오랜만에 뜻모은 국힘…한덕수 대선출마엔 온도차,Politics
"[대선언팩] 몰아서 일하자는 국힘, 근로시간 줄이자는 민주",Politics
"홍준표 대선 출마 선언..""이재명도 사법 심판대로 돌려보내야""",Politics
"강대규 ""한덕수 출마 안했으면…국힘에 인재 많아"" [일타뉴스]",Politics
"김경율 ""한덕수 출마론? 尹측 답 줬으니 의원들 움직였을 것""",Politics
"박범계 “지귀연 판사 윤석열 편향 느껴져, 특단의 조치 필요할 수도” [김은지의 뉴스IN]",Politics
[뉴스NIGHT] '한덕수 차출론' 신경전...민주 '경선룰' 잡음 계속,Politics
유동규 “이재명 당선되면 나는 꽃게밥”…홍준표 지지,Politics
"'경선 불참' 유승민, 무소속·제3지대 출마 검토…""백지상태서 고민""",Politics
“마지막 소명” 언급한 한덕수…전략적 모호성 유지하며 출마 저울질,Politics
[인터뷰 전문] 홍준표 전 대구시장의 대선 경쟁력은,Politics
"또 부딪힌 나경원-한동훈..""탄핵 선동""vs""통진당 닮은 꼴""",Politics
"한동훈? 안철수?…10% 넘는 오세훈·유승민 지지율, 누구에게 향할까",Politics
인요한 의원 “내가 총리는 제발 탄핵하지 말자고 했더니…DJ때와 너무 달라진 민주당” [국회의사담 앵커스],Politics
흩어진 비명계 모을까… 文 찾아간 김경수,Politics
"노무현정신 포기한 민주당? ""국민경선"" 강조했던 이재명 어디갔나",Politics
[윤정호의 앵커칼럼] 뭣이 중헌디,Politics
"홍준표, ""이재명 심판"" 출마 선언...김문수 ""박정희 정신""",Politics
“정치 초보 뽑아 3년 망해” 尹에 선그은 홍준표,Politics
"성일종 ""한덕수, 이재명 이길 유일 우파 후보..90% 이상 출마, 트럼프도 관심 칭찬""",Politics
"파면 후 첫 형사재판, 반성 없는 윤석열",Politics
"김문수 ""박정희 정신 되새겨야""…이철우 ""새로운 박정희 필요""",Politics
"국힘 후보등록 첫날, 반탄 주자들이 쏘아올린 ‘反明 빅텐트’",Politics
"막오른 조기대선 '경선레이스'…홍준표, 세 번째 대선출마 ""범죄자 대 준비된 대통령""",Politics
"吳·劉 불출마에…""대선 어려움 가중"" 국민의힘 내부 비판",Politics
"한덕수, 트럼프랑 통화 성공적이라더니…결국 민감국가 해제 못했다",Politics
"김경수 만난 문재인 ""경선 통해 정권교체 이뤄낼 수 있는 힘 모아야""",Politics
尹 “들어갈 사람 다 들어가” 국회 봉쇄 부인…이준석 “새빨간 거짓말”,Politics
박지원 “尹 새 길 찾아? 찾지마…어차피 사형이나 무기” 조롱,Politics
‘국힘 경선 4강’ 오세훈 빠진 자리에 나경원? 안철수?,Politics
홍준표 “이재명 심판해야”…‘반명’ 정서로 중도·온건 보수 공략,Politics
"경선 불참 유승민, 대선출마 여부에…“결심한 것 아냐…백지 상태서 고민 중”",Politics
"""다 이기고 돌아왔다""는 윤석열에 전한길 ""예수님 같다""",Politics
"홍준표 ""이재명 나와 승산 있다…지지율 한순간에 뒤집혀""",Politics
K방산 수출 작년 사상 최대 약6조원 이어 올해 최대 34조 도전… 4~5년치 일감 확보,Politics
‘내란 정권’ 2인자 한덕수로 단일화 드라마 꿈꾸는 국힘,Politics
"조갑제, ""'한덕수 단일화' 효과 없을 것…한동훈, 한덕수 추대론에 다시 한 번 정면승부 걸어야""",Politics
‘어대명 룰’ 확정에…김두관 “경선 보이콧” 김동연 “원칙 무너져”,Politics
국민의힘 '반탄만의 리그' 전락하나… 경선 첫날부터 '첩첩산중',Politics
"“내란 정당 해산” “야, 조용히 해”…고성-삿대질 ‘아수라장’",Politics
[인터뷰]홍준표 “반이재명 보수 빅텐트 쳐야”,Politics
"유승민, 대선 출마 여부에 ""결심한 것 아냐…백지 상태서 고민 중""",Politics
"“홍준표·한동훈, 멱살만 안잡지 갈데까지 갈 것” 이준석의 평가",Politics
한덕수 차출 없이 혼전 양상‥벌써부터 '찬탄'·'반탄' 신경전,Politics
'일강 후보' 없는 국민의힘…'독주체제 유지' 민주당,Politics
"[돌비뉴스] 나경원 ""한동훈만큼은 반드시""…그러자 '이정희 어록' 대반격",Politics
"[돌비뉴스] 윤 부부 이삿날 ""캣타워가 왜 나와?""…횡령 의혹 제기",Politics
"양자 대결서 '중도층 과반' 이재명 지지‥국민의힘, 한덕수 차출론 '시끌'",Politics
[여론조사①] 차기 대선주자 이재명 42%‥김문수·한동훈·홍준표 뒤이어,Politics
"[여랑야랑]윤 전 대통령, 이겼노라? / ‘이재명 저격수’ 우대? / 싸움 부추겨야 제 맛?",Politics
"野 ""교과서에도 헌법재판관 지명은 국가원수 권한""…법무장관 ""동의 안 돼""",Politics
"`친계엄·맹윤` 신평, 한동훈 때리며 ""이재명 불가론은 주술""",Politics
"요동치는 대선, `제3지대·반명 빅텐트` 급부상",Politics
"反明 빅텐트, 몸푸는 이준석·이낙연",Politics
"민주 대선 경선, 이재명·김경수·김동연 ‘3파전’ 구도…김두관 ‘거부’",Politics
"‘대선이 애들 장난?’…윤상현, 대선 출마 예고 하루만에 불출마 ‘부글부글’",Politics
尹 “다 이기고 돌아왔다” 발언에…전한길 “예수님 같다”,Politics
"김재원 ""'불출마' 이정현, 김문수 캠프 합류 사실 아냐..격려 차원서 방문해""",Politics
"김재원 ""김문수-나경원 '햄버거 회동' 나경원 측에서 먼저 제안..연대 가능성 열려 있어""",Politics
"한덕수, 정계 언론에 '출마' 연락 돌렸다? 장성철 ""출마 가능성 99.9%""",Politics
애매한 선긋는 한덕수…李와 양자대결 국힘주자 중 우위(종합),Politics
“한덕수 옹립 없다” 국힘 수습에도…잠룡들 부글부글(종합),Politics
"홍익표 ""민주 경선룰, 공정성 해칠 정도 아냐... 당 결정 따르는 게 후보 기본자세""",Politics
[인터뷰]홍준표 “이재명 대통령 되는 건 막아야” “꼰대 맞지만 2030이 좋아해”,Politics
‘한덕수 차출론’에 들끓는 국힘 주자들…민주 “윤석열 들러리로 딱”,Politics
"""도대체 제정신입니까?""…'한덕수 출마설' 놓고 날선 공방",Politics
"민주, 이르면 27일 최종 후보 확정…국민의힘 주자는 '한덕수 견제'",Politics
"""무슨 사과하라는 건지"" ""뉴스 안 봅니다""…박성재 '강경 모드'",Politics
‘한덕수·단일화’ 변수 넘어… 대선 ‘反明 빅텐트’ 본격화,Politics
"""나냐 이재명이냐"" 홍준표 출사표…'불출마' 오세훈 지지세 어디로?",Politics
"[뉴스추적] '마지막 소명' 의미는? / 지도부, 옹립 경고 대망론 제동? / 한덕수 중심 빅텐트 가능?",Politics
[광주·전남 주간정치] 한덕수 출마론에 정치권 ‘요동’,Politics
한덕수 대망론이 뜨는 이유,Politics
韓 대행 불출석에 시작부터 고성… 아수라장 된 국회,Politics
"[현장] 文, '적자' 김경수 만나 ""다른 정당과 힘 합해 정권교체 이뤄내야""",Politics
"[단도직입] ""배후에 김건희"" 풍문까지…국힘 경선 뒤흔든 '한덕수 대망론'",Politics
홍준표 출마…“이젠 이재명을 심판대에”,Politics
함상훈 후보가 헌법재판관 자격이 없는 이유,Politics
김경수 “용산 대통령실 사용 안돼”…민주 경선 ‘3파전’ 좁혀져(종합),Politics
"홍준표, ""이재명 심판"" 출마 선언...김문수 ""박정희 정신""",Politics
"'대선출마' 김경수와 우산 나눠 쓴 문재인···""반드시 정권교체를""",Politics
"민주, 비명계 반발에도 경선룰 확정",Politics
"[여의도 왁자지껄] 나경원-한동훈, 날선 공방…""이길 것"" vs ""통진당 닮은 꼴""",Politics
"한덕수 출마론에 주자들 반발…지도부 ""옹립없다""에도 여진 여전",Politics
비명계 ‘어대명 경선룰’ 부글부글… 김두관 “거부” 선언 [6·3 대선],Politics
美 “中 145% 관세” vs 中 “희토류 수출 통제”,Politics
"홍준표 “선진대국 이끌 洪이냐, 전과 4범 李냐의 선거”",Politics
이준석 “할 말 하는 게 영남사림 정신 …尹에게 직언한 TK의원들 누가 있나” [6·3 대선],Politics
"""의원 끌어내라 지시받아"" 수방사 경비단장 증언…尹 반발 ""다분히 정치적""",Politics
"대선 출마하며 전광훈과 선 긋는 김문수, 거리두기 가능한가",Politics
한동훈 “이재명에게 지는 게 국민 배신…제가 이기는 선택”,Politics
"포천 오폭 사고 조종사들, 비행경로 사전 연습 안 했다(종합2보)",Politics
"'한덕수 헌법재판관 지명' 충돌…민주 ""제2 내란"" 국힘 ""제한 없어""(종합)",Politics
"‘이재명 비판’ 나경원, 패스트트랙 재판 5분 출석 뒤 향한 곳은?",Politics
[이슈플러스] 불거지는 '한덕수 대망론'...보수 주자들 '반대',Politics
尹 ‘사저 정치’에 말 못하는 국힘… ‘탄핵의 늪’ 빠지나 [6·3 대선],Politics
국민의힘 '4강' 경쟁 본격화…金·韓·洪 그리고 安 또는 羅?(종합),Politics
"내란사건 형사재판서…尹 ""증인신문에 있어서 다분히 정치적 의도""",Politics
"""내란 정당"" ""야 조용히 해!""…말싸움·몸싸움, 국회 아수라장",Politics
‘어차피 대통령은 이재명?’ 尹멘토 신평 “이재명 쓰나미 무시하지 말라”,Politics
"한덕수 ""마지막 소명"" 설왕설래…민주 ""난가병 걸렸나""",Politics
민주당 경선 3자 구도로…'어대명 경선룰' 확정에 김두관 이탈,Politics
연병장 100바퀴 도는 무인기?…이국종 원장이 본 군 의료체계,Politics
"尹 ""국회 봉쇄 없었다""…이준석 ""새빨간 거짓말"" 맹비난",Politics
"한덕수 없는 '맹탕' 대정부질문…의장은 질타, 양당은 고성",Politics
"""더이상 독고다이 아니다""…홍준표의 라스트댄스, 별의 순간 잡을까",Politics
"민주, 경선 일정 확정…국민의힘 주자들은 '한덕수 견제'",Politics
尹파면 후 첫 대정부질문…韓 헌법재판관 임명 두고 공방(종합),Politics
"법무장관 ""대통령 권한대행, '헌법재판관' 임명 가능""[종합]",Politics
"""비상식·몰상식"" 반발에…국힘 지도부, '한덕수 차출' 급정거",Politics
"'삼세판' 홍준표, 전통적 대선 출마…캠프 개소까지 '속도전'",Politics
"나경원 “尹 탄핵 선동한 한동훈, 도저히 같이 할 수 없어”",Politics
"경선 흔드는 ‘한덕수 대망론’… 반기는 당심, 불편한 김문수·한동훈·홍준표 [6·3 대선]",Politics
"‘골프광’ 트럼프 상대할 대선 주자들 골프 실력은… 홍준표 아마추어 고수, 이재명 초보 수준",Politics
"잇단 후보 이탈로 초조한 국힘… ""경선 판부터 키우자""[6·3 대선 D-49]",Politics
"민주, 당심 50%+민심 50% 경선룰 확정... 김두관 ""DJ·盧정신 저버렸다"" 경선 거부[6·3 대선 D-49]",Politics
"[1번지 초대석] ""새 인물로 대이변을""…이철우 경북지사에게 듣는다",Politics
"""왜 윤석열만""…전두환 때도 없던 '파격', 지귀연 재판부는 왜?",Politics
朴탄핵 뒤 황교안 불출마 선언했던 그 회의…한덕수는 침묵했다,Politics
‘尹 멘토’ 신평 “이재명 독보적…보수는 도토리 키재기”,Politics
"""대권 앞으로!"" 장미 대선 막 올라…국힘 후보 본격 행보 속 민주 경선 흥행은?",Politics
"""말이 되는 질문을 해야지!""‥출마 회견서 연신 '버럭' [현장영상]",Politics
"'수영복 입은 尹부부', '욕설하는 李'…6·3대선 딥페이크 '빨간불'[오목조목]",Politics
‘反이재명 빅텐트’ 실현 여부 …제3지대·설화가 승패 좌우 [뉴스분석],Politics
"한동훈 ""이재명 정권 잡으면 정치보복 나설 것... 전체주의 시대 막아야""",Politics
"홍준표 ""'전과자' 이재명에 맞설 적임자""... 6·3대선 출마 선언",Politics
"“윤석열 개인의 탄핵, 정치 초보 뽑아 3년 망해”···선 그은 홍준표",Politics
"조갑제 말에 안도해야 하는 아이러니, “내가 보수였나?”",Politics
"""한덕수 출마론, 경선 흥행 찬물""...김두관, 불참 선언",Politics
"국힘도 ""주 4.5일제""…票퓰리즘 올라탔다",Politics
주진우 “한덕수 흔들기 중단해야…6·3·3 원칙 이재명에 예외 아냐” [정치를 부탁해],Politics
"홍준표 ""스트롱맨 리더십"" 기세등등 출마선언…'비상계엄은 위헌인가' 답 피해",Politics
尹멘토 신평 “이재명은 실용주의자…적수가 없다”,Politics
"“야, 조용히 해” “야라니?” 대선 앞두고 대정부질문서 격전",Politics
"[현장] '유일 PK주자' 안철수, 박완수 예방…朴, 安에 '국민통합' 당부",Politics
"이재명 신간 속 '계엄의 밤'…""김어준·이동형에 급히 전화"" 왜",Politics
한덕수 '대선 차출설'...보수진영 대망(大望) 혹은 대망(大亡),Politics
"유동규 ""이재명 당선되면 꽃게밥 된다…살려달라"" 호소",Politics
"조태열 장관 ""트럼프도 만족스런 통화해 다행""",Politics
"출마 선언도 안한 한덕수, 보수 지지율 2위로",Politics
이재명 “AI 100조원 시대 열겠다” 안철수 “AI 제대로 이해하는지 의문”,Politics
"보수 '反尹'…진보 '非明', '제3지대 빅텐트' 급부상",Politics
"한덕수, 견제에도 보수 선두권…""통상대응이 마지막 소명""",Politics
대통령실을 세종에?... 짚고 넘어가야 하는 요소들,Politics
민주 '1강 2약' 경선 대진표 완성…어대명 공세·흥행 빨간불 고심,Politics
"""홍준표 정권이냐, 이재명 정권이냐 양자택일""",Politics
反明 빅텐트 합심…한덕수 단일화엔 온도차,Politics
"홍준표에 줄 선 친윤계 ""이재명 몽둥이질 할 사람 홍준표""",Politics
‘국민’ 빠진 민주당 경선룰에 김두관 경선 불참 선언…소환된 ‘李 맞춤 당규’ 논란,Politics
D-50 닻올린 대선레이스…이재명 대세론 향배·국힘 대항마 주목,Politics
"이재명, ‘차출론’ 한덕수에도 낙승…대선 양자대결 ‘연전연승’[數싸움]",Politics
윤석열 끌어안고 2002년 노무현·정몽준처럼?···‘한덕수 단일화’ 감동 있을까,Politics
[대선 D-50] 오세훈부터 유승민까지…여야 '경선 포기자' 러브콜 쇄도,Politics
80분 간 직접 '메시지 계엄' 말한 尹…12명 검사와 법정 싸움,Politics
김문수 “박정희·전태일 정신 되새길 때”,Politics
"[전문] 황우여 ""경선 후 한덕수와 단일화? 추후 후보끼리 결정할 일""",Politics
"김문수는 이문열 영입, 홍준표 캠프엔 배우 이정길…국힘 경선 스타트",Politics
"나경원 ""탄핵 선동"" vs. 한동훈 ""기득권 연명"" 정면 충돌",Politics
"행안장관 대행 ""계엄 문건 비공개 지정? 韓대행이 판단할 것""",Politics
"""무슨 사과를 하라는 건지.."" 박성재 태도에 김병주 한숨, 주변은 술렁 [현장영상]",Politics
"민주당 경선 방식 변경, 김경수·김동연 ""따르겠다"" 김두관 ""불참""",Politics
"尹 ""새 길 찾겠다"".. 박지원 ""어차피 사형이나 무기.. 감옥서 뭘 찾나""",Politics
"우상호 ""이준석·국민의힘 단일화? 해봤자 효과 크지 않을 것""",Politics
"국힘·민주, 대정부질문서 '韓 헌법재판관 지명' '줄탄핵' 설전",Politics
"한동훈 ""한덕수 추대론은 해당행위…불법 계엄? 父라도 막았을 것""",Politics
오세훈 떠난 4강 빈자리는 나경원? 안철수?…국민의힘 경선 판도 바꿀까,Politics
"""꽃게밥 되기 싫어서 왔다""…홍준표 캠프 개소식 이색 축사들",Politics
김동연 “원칙 무너져 안타깝지만 경선 규칙 수용…가슴에 접고 잊겠다”,Politics
"[단독] 이준석, '4대 보험-소득세 개편' 통해 월급쟁이 지갑 챙긴다",Politics
"""경선 참여 거부"" ""당 결정 따라야""…민주당 경선룰에 3金 '온도차'",Politics
국민의힘 '반탄파' 줄등판… 강경 색채 부각 우려,Politics
"""매드맥스 나온 여전사 맞죠?""‥'돌발질문' 답 듣더니 ""허허"" [현장영상]",Politics
"교과서 속 '헌법재판관 지명 국가원수 권한'…법무장관 ""동의 어렵다""",Politics
"""홍준표냐, 이재명이냐"" 출사표…김문수도 SNL 출연한다",Politics
"""윤 본인한테 명이 다이렉트로 줘요, 이준석하고"" 민주, 녹취 추가 폭로",Politics
조국혁신당은 왜 대선에 '불참'하기로 했나,Politics
"나경원 만난 이명박 ""국힘 새로운 모습 보여야…결과 나오면 승복""",Politics
"“한덕수 제정신?” “이재명 옹호당”···대정부질문서 난타전, 대선국면 기선 잡기",Politics
"파면 10일 만에 내란죄 첫 형사재판 출석한 윤석열, 93분간 궤변",Politics
"""총괄본부장 유상범·비서실장 김대식""…洪캠프에 현역의원 합류",Politics
"김이수 ""박근혜·윤석열 탄핵의 차이.. 尹, 지지자에 메시지·여당 옹호·권한대행 태도로 어려움"" [와이드이슈]",Politics
"성일종 ""'마지막 소명' 한덕수, 90% 이상 출마..이재명 꺾을 유일 후보, 시대의 요구""",Politics
"민주, 경선룰 확정…이재명·김동연·김경수 3파전 유력(종합)",Politics
"이재명 ""AI에 100조원 투자""…홍준표 ""선진대국"" 마지막 대권 도전",Politics
"김병주 ""내란수괴 '알박기', 장성 인사 6월 이후로 미뤄야""",Politics
"‘국힘 경선 불참’ 유승민, 대선 출마 가닥…무소속이냐 제3지대냐",Politics
첫 지지율 두자릿수에 고무된 이준석…연일 TK 집중 공략,Politics
"'SNL 출연' 홍준표... ""최저임금 너무 많아"" ""이재명은 양XX""",Politics
"김두관 불출마 선언, 김동연도 시사… 민주당 경선 첫걸음부터 삐걱",Politics
이재명 독주 효과?… 양당서 모두 나오는 ‘경선 무용론’,Politics
"한덕수 출마론에 주자들 반발…지도부도 ""특정인 옹립없다""(종합)",Politics
'한덕수 대망론' 뒤에 尹心이 있다? [앵커리포트],Politics
"김동연 ""경선 룰, 당원 결정이니 수용…과정은 중대한 흠결""",Politics
“2030 표심 공략” 국민의힘 대권주자마다 청년과 동행 ‘눈길’,Politics
"유상범, 美판례 들며 ""이재명 재판 대통령 재직 중 직무 무관""",Politics
"홍준표 ""이재명 대통령 되면 히틀러 나라…트럼프 맞설 스트롱맨 필요""",Politics
"이재명, 차기 대권 조사서 범여권 후보와 격차 더 벌려",Politics
"'내일 평의'에 들썩인 야권 ""한덕수 지명 효력정지 즉각 인용""",Politics
"한덕수, 탄핵되면 대선 출마?...'韓 대망론'에 신중해진 민주당",Politics
"여의도硏 ""李 2심 무죄 판결, 여론 혼란 초래…3심이 혼란 해소해야""",Politics
"“AI 모르면 좀 가만히 있어라”… 안철수, 이재명 질타",Politics
국민의힘 대선후보 전망 보니…김문수-한동훈 '접전' [코리아리서치],Politics
"""채용 비위 사례 적시하고도 외교부는""…'심우정 딸 의혹' 따져묻자 [현장영상]",Politics
"초조한 국힘, '한덕수 대망론' 확전 자제에 '경선판'부터 키운다",Politics
"이성배 아나운서, MBC 퇴사…곧장 홍준표 대선 캠프 합류",Politics
홍준표 선대위 출범…총괄상황본부장 유상범·비서실장 김대식,Politics
민주 李 vs 비명 경선룰 갈등 심화..김두관 '경선불참',Politics
"권성동 ""한덕수 출마설 반복, 경선 흥행에 찬물 끼얹는 행위""",Politics
"'64조원' 美알래스카 LNG 사업…거절하자니 관세폭탄, 韓의 딜레마",Politics
당내 반발에도 몸집 키우는 '한덕수 대망론',Politics
"김근식 ""한덕수 차출론? `한동훈 결사반대` 기획…오세훈 불출마 원인"" 의심",Politics
한덕수 대권 세갈래…'경선참여·제2 노-정 단일화·창당',Politics
윤곽 잡혀가는 국힘 경선…10명 각축전 속 쪼그라든 '중도보수',Politics
"김동연 ""바뀐 경선 룰 수용하겠다""…완주 다짐",Politics
"[인터뷰] 나경원 ""이념이 밥이다…출마에 윤 전 대통령 얘기하는 건 부적절""",Politics
"우원식 ""한덕수 대정부질문 일방적 불출석 전례없어…무책임한 헌법 무시""",Politics
"""한미 원자력협정 개정에 악영향""…美 민감국가 지정, 결국 15일 발효",Politics
"권성동 ""'한덕수 출마론' 계속 얘기하는 건 경선 흥행에 찬물""",Politics
"윤상현, 경선 불출마 선언…""제 위치에서 할 일 할 것""",Politics
"나경원·한동훈, 팽팽한 신경전…""한동훈은 이겨야"" ""기득권 연명 말아야""",Politics
윤상현 “제 역할은 범죄자 이재명에게 국가의 운명 맡기는 것을 막는 일…국힘 경선 불참”,Politics
존재감 날마다 '괄목상대' 한덕수 돌풍…6·3대선 '태풍의 눈' 되나 (종합),Politics
"수능엔 헌법재판관 지명 '국가원수 권한'…법무장관 ""동의 어렵다""",Politics
"[뉴스1 PICK]""이재명 맞서 선진대국 기틀 다질 것""…홍준표 출마선언",Politics
"홍준표, 대선 출마 선언…""홍준표냐, 이재명이냐의 양자택일 선거""(종합)",Politics
"""이재명 당선되면 저는 꽃게밥"" 유동규, 홍준표 지지 선언",Politics
"홍준표 세 번째 대권 출사표…“홍준표 정권이냐, 이재명 정권이냐”",Politics
"[일문일답] 홍준표 ""새로운 인물 뽑아서 3년 동안 망했다""",Politics
이낙연 “추미애 ‘내가 기자 때 전두환 칭송’? 거짓 정치”,Politics
"안철수 ""이재명, AI 모르면 좀 가만히 있어라""…토론 제안",Politics
"나경원 “탄핵선동, 한동훈만큼은 이겨야”…한 “통진당 닮은 꼴”",Politics
"""업무 방해하지 마세요!"" 이재명, 회의 중 호통 친 이유는",Politics
이재명 “김경수 복당은 민주 강화 콘크리트…일부 언론이 갈라치기”,Politics
"민감 국가 발효 하루 전... 외교차관 ""해제에 물리적 시간 걸릴듯""",Politics
"검찰, '선거법 위반' 김혜경 항소심도 벌금 300만원 구형",Politics
"김두관, 민주당 경선 불참…""DJ·盧정신 저버린 경선 거부""(종합)",Politics
"경선 불참 유승민, 대선출마 결심…무소속·제3지대 시사",Politics
"尹 ""국회 못 들어간 사람 없어""…이준석 ""새빨간 거짓말""",Politics
"나경원에 힘 실어준 MB…""자유민주주의 끝까지 지킬 적임자""",Politics
[대선상황실] 대선주자들 잰걸음…'경선 룰' 진통 지속,Politics
"한덕수, 첫 등장에 김문수 2.3%p차 박빙…보수대세 가능성",Politics
"한덕수에 이준석, 유승민까지…범보수 '反이재명 빅텐트론' 급부상",Politics
공군 오폭 사고 조종사 '고도 이상' 신호까지 무시했다…공군·합참 9명도 비위 통보,Politics
"홍준표 ""한덕수, 경거망동할 분 아냐…대선 출마 비상식""",Politics
트럼프 “대선 출마?” 한덕수와 통화 유출…“기밀누설 조사해야”,Politics
‘오세훈 대체 4강’ 안철수냐 나경원이냐···국힘 1차 경선 따라 달라질 이합집산,Politics
[정치 ON] '대선 D-50' 국민의힘 경선판 '출렁'...김두관 경선 불참 선언,Politics
[여의도1번지] '한덕수 출마론' 국힘 내홍…민주당 '경선룰' 진통,Politics
[사사건건] 윤 전 대통령 “평화적 계엄” 주장 반복,Politics
"[대선 D-50] ""들러리 세우나"" 경선룰 두고 여야 모두 '보이콧 반발' 왜?",Politics
"[MBC여론조사] 이재명, 대선 양자대결 모두 압승‥이재명 50%·김문수 32%",Politics
[MBC여론조사] 대통령 선호도 조사 이재명 42% 1위‥김문수·한동훈·홍준표 뒤이어,Politics
"법무장관 ""韓, 재판관 지명 가능"" vs 민주 ""법꾸라지""",Politics
"나경원 ""이재명 기본소득 탓에 글로벌 신용등급 하향 경고""",Politics
"김두관 ""민주 경선 룰, DJ·盧정신 배제…경선 참여 거부""",Politics
"민주, ‘권리당원 50%·여론조사 50%’ 국민참여경선 의결",Politics
"법무부 장관 “한 대행, 행정부 몫 헌법재판관 임명 가능하다 생각…결정 존중”",Politics
"""한덕수 출마론, 경선 흥행 찬물""...김두관, 불참 선언",Politics
"홍준표 ""이재명 맞서 선진대국"" 대선 출마…유동규 축사(종합)",Politics
"당 대표 선거 때도 그렇게 싸우더니···한동훈·나경원, 경선 앞두고 설전",Politics
홍준표 후원회장에 배우 이정길 씨,Politics
"김두관, 민주당 대선 경선 거부 선언…""김대중·노무현 정신 저버렸다""",Politics
"민주, 당원·국민여조 '50대50' 경선룰 최종 확정…찬성 96.56%",Politics
권성동 “한덕수 출마 계속 이야기하는 건 경선 흥행에 찬물”,Politics
"김두관, 경선 '보이콧'…""민주당, 김대중·노무현 정신 저버려""[종합]",Politics
"안철수 ""'이재명 왕국' 막을 마지막 카드는 바로 나""",Politics
"김경수, 노무현 대통령 묘소 참배 뒤 '빛의 연대' 강조",Politics
"박성재, 한덕수 헌법재판관 지명에 ""필요하다면 임명할 수 있어""",Politics
"이재명 “김경수 복당, 민주진영 강화 콘크리트로 작용”",Politics
"김부겸 이어 김두관도 '어대명' 민주당 경선 불참...""김대중‧노무현 정신 저버려""",Politics
"박성재 ""韓대행, 행정부 몫 헌법재판관 임명 가능…지명 존중""",Politics
"김두관, 당내 경선 불참… ""민주당, 김대중·노무현 정신 저버려""",Politics
"D-50, 대통령실 이전 어떻게? '용산 잠깐' vs. '절대 안돼'",Politics
"국힘 경선판 '출렁' ""한덕수 추대론 의원 심각한 해당 행위""..""여론조사 지지율 추이가 변수""[박영환의 시사1번지]",Politics
"“언제는 며칠 준비라더니, 이젠 하루짜리 계엄?”.. 尹 진술, 헌재 결정문에 막히나",Politics
"'노무현 마지막 비서관' 김경수, 봉하마을 찾아 ""사람사는 세상 만들 것""",Politics
"[단독]방첩사, 前해군대령 ‘무인수상정’ 기술유출 의혹…‘기소의견’ 군검찰 송치[이현호의 밀리터리!톡]",Politics
‘포천 오폭’ 조종사 이어 부대 지휘관 2명 입건,Politics
"나경원, MB 예방…""통합해가는 경선 만들겠다""",Politics
"경선 룰 논란에 김두관 불출마…국힘, '한덕수 차출론' 신경전",Politics
"우원식 국회의장 ""한덕수 국회 불출석 가당치 않다""",Politics
"이준석 ""대구경북서도 호랑이 될 만한 사람 키워야…尹에게 누가 직언했나""",Politics
"김두관 ""특정 후보 추대 민주당 경선 거부... 노무현 정신 버렸다""",Politics
"박성재, 윤석열 파면 사과 요구에 “무슨 사과를 하라는 건지…”",Politics
'D-1년' 전남지사 民 경선 4∼5파전 관전포인트와 변수는,Politics
"김두관 ""김대중‧노무현 정신 저버린 당 경선 거부""",Politics
"홍준표 ""이재명은 멍청하고 양아X…한동훈은 나르시시스트""",Politics
"김두관 ""민주당 경선에 참여할 면목 없다""",Politics
"나경원 ""한동훈만큼은 이겨야""…韓, 박근혜·이정희 사진 띄운 이유",Politics
"MBC뉴스 진행 이성배, 홍 캠프 합류? 17년만 MBC 퇴사",Politics
오세훈·유승민 빠진 국힘 경선…갈 곳 잃은 '찬탄표' 어디로 향할까,Politics
"""홍준표냐 이재명이냐 선택"" 洪 대선 출정식, 유동규도 왔다",Politics
"이철우 ""윤석열, 나보고도 '대통령 되라'고 했다""",Politics
"나경원 vs 한동훈 정면 충돌… ""한동훈은 이겨야"" ""기득권 연명 말아야""",Politics
"국민의힘 “‘역선택 방지’ 경선 문제점 주장, 대단히 잘못된 것”",Politics
"박성재 장관 ""한대행 헌법재판관 지명 존중…난 내란공범 아냐""",Politics
[속보] 김두관 “민주당 경선 참여 거부...숙고 시간 가질 것”,Politics
"[고수다] 정동영 ""尹, 다 이기고 돌아왔다‥금메달 땄나 상식 밖""",Politics
李 “22대 총선 전 비상계엄 확신…대표적 징후는 ‘극우’ 김문수 청문회”,Politics
"한덕수, 이재명과 맞대결 시 격차 가장 작았다 [리얼미터]",Politics
김두관 “민주당 경선 참여 거부…DJ·盧 정신 저버렸다”,Politics
"김두관 경선 참여 거부…김대중·노무현 정신 저버려""",Politics
한동훈 “우리 아버지가 불법 계엄 하셔도 막을 것…‘이기고 돌아왔다'는 尹 발언 국민들이 좋게 안 볼 것”,Politics
‘전투기 오폭’ 전대장·대대장도 과실치사 혐의 입건… “조종사와 공범”,Politics
"김두관, 민주당 대선 경선 불참키로…""DJ·盧 정신 저버린 경선""",Politics
MBC 이성배 아나운서 사직 당일 홍준표 캠프 직행,Politics
"""두 집 살림하는 대선 출마 광역단체장들, 사퇴하라""",Politics
"""국민 앞에서 저와 붙자""…차지호, 안철수 의원 향해 AI 공개토론 제안",Politics
‘당 변화 거부’ 유승민에 권성동 “‘내 탓이오’하고 성찰하시라”,Politics
"‘양XX’, ‘나르시시스트’…홍준표, SNL서 직설 발언",Politics
"“권한대행 임무 저버렸다”…민주당, 한덕수 직권남용·직무유기죄 고발",Politics
'제3지대 빅텐트' 주목…한덕수 무소속+후보단일화 승부수,Politics
"국힘지지층, 反계엄 잠룡 선호 50% 육박?",Politics
"윤 전 대통령 ""계엄은 규범…민주당, 담장 넘는 건 쇼""",Politics
이재명 이어 경북 안동 찾아간 김문수ㆍ이준석,Politics
또 맞붙은 나경원·한동훈…“탄핵 선동” “통진당 닮은 꼴”,Politics
"[맞수다] 尹 국민참여재판 싫다?‥""국민 두려웠을 것"" ""불리하다 판단""",Politics
2040여성 절반 이상 '결혼 왜 해?',Politics
"""여직원만 남게 한 뒤 이마 때려""…고창군의원, 노래방서 부적절 행동",Politics
"美, 반도체 관세 이번주 발표할 듯…트럼프 “일부 기업에 유연성”",Politics
‘전투기 오폭 사고’ 전대장·대대장도 입건…공군작전사령관은 ‘경고’ 조치,Politics
"“이재명 정권 미래는 ‘비양심과 패륜’ 심판해야”… 홍준표, 대선출마 선언",Politics
"SNL 출연한 홍준표 ""이재명은 양XX""…한동훈도 저격",Politics
"홍준표 ""제3지대 포함 빅텐트 가능…한덕수는 안 돼""",Politics
압도적 지지 없는 국힘 주자들…의원들 ‘줄설 곳’ 고민중,Politics
"洪의 출사표···“홍준표 정권이냐, 이재명 정권이냐”",Politics
한덕수 ‘무소속 출마’ 가능성?… 16대 대선 단일화 모델 재현되나,Politics
"새미래당 ""민주당 사라지고 `이재명당`만 남아""",Politics
"김경수 ""용산 대통령실 단 하루도 사용해선 안 돼"" [뉴시스Pic]",Politics
"전한길 “차기 대선, 예수님같은 尹 버리면 진다…한동훈? 보수우파 필패 원인”",Politics
"권성동, 유승민 불출마 ""잘못""…韓차출론 ""권유 많다고""",Politics
"국방부 '포천 공군 오폭 사고' 관련 ""지휘관 2명, 추가 형사 입건""",Politics
"'한덕수 차출론' 경계한 안철수 ""당에 패배주의 만연""",Politics
[연합뉴스 이 시각 헤드라인] - 14:30,Politics
"선거방송심의위 구성 놓고 국힘 ""정미정 물러나라"" vs 민주 ""오정환 사퇴해야""",Politics
"나경원 ""연방제 수준 지방자치는 北 주장""…김경수 ""연방제 美가 친북?""",Politics
"이재명 “한국형 챗GPT”…안철수 “황당, 모르면 좀 가만히 계시라”",Politics
정당 추천 선거방송심의위원 두고 국힘·민주 서로 '편향' 비판,Politics
"안철수 “이재명, AI 제대로 이해하고 있나…모르면 가만히 계시라”",Politics
"""몇 시간 사건을 내란으로 구성""…尹 ""평화적 계엄"" 주장 또 되풀이",Politics
대구 찾은 이철우 “한덕수 차출론 반대…당 자존심 문제”,Politics
"[전문] 홍준표, 대선 출마 선언…""스트롱맨 리더십 필요한 때""",Politics
지지자 1000여명 몰린 홍준표 대선 출정식… 유동규 “이재명 막을 후보”,Politics
"[현장영상+] 홍준표, 대선 출마 선언...""7공화국 열겠다""",Politics
"비명계 경선 불참 저울질…홍준표, 대선 출마선언",Politics
"[영상] 민주당 ""한덕수, 노욕의 난가병"" 맹폭...""대선 기웃거리지 말라""",Politics
"軍수사당국, 오폭사고 조종사 소속부대 전대장·대대장도 형사입건",Politics
"'전투기 오폭' 부대장 2명도 과실치상 혐의 입건…""조종사 공범""(종합)",Politics
"한동훈은 '깜짝 라방', 홍준표 김문수는 SNL… 대선주자들 각양각색 2030세대 공략법",Politics
“국민의 새 희망” 퓨리오사AI 찾은 이재명… K-AI 투자 100조 공약,Politics
"“용산은 끝났다”.. 김경수, 대통령실 폐쇄론 직격",Politics
"'한덕수 출마론' 보수 주자들 견제...김두관, '경선 불참' 검토",Politics
"軍, 전투기 오폭 부대 지휘관 2명 추가 입건",Politics
"민주당, 한덕수 공수처에 고발 ""위헌적 전횡...직권남용·직무유기""",Politics
"이준석 ""TK서 19% 지지율…연대·단일화 언급은 예의 아냐""",Politics
"민주 ""한덕수, '난가병' 걸려 대선 출마해봤자 尹 아바타""",Politics
"민주당 “홍준표 측근, 여론조사 비용 ‘대납 의혹’…출마 아닌 정계 은퇴해야”",Politics
"명태균 ""어떤 먹잇감을 먼저 물고 뜯을까""..폭로전 예고",Politics
"김경수 ""대통령실, 단 하루도 사용해선 안 돼… 여·야 이전 합의해야""",Politics
"전투기 오폭 조종사들, 사전 훈련 때 실무장과 다른 경로로 비행",Politics
"공군, ‘민가 오폭 사고’ 부대 지휘관 2명도 형사 입건",Politics
"한덕수 “마지막 소명” 발언.. 대선판 입장인가, 퇴장 선언인가",Politics
"'세종 집무실' 내세운 김경수 ""용산은 하루도 안 돼""",Politics
직무 일정 꽉 차 있다는 韓 권한대행… 경선 출마냐 불출마냐 결정은 ‘아직’,Politics
"나경원-한동훈 '날선 공방'…""탄핵 선동"" vs ""통진당 닮은꼴""",Politics
"""용산 대통령실 하루도 사용말라"" 김경수가 내놓은 대안은",Politics
“한국형 챗GPT” 이재명에 안철수 “모르면 좀 가만히 계세요”,Politics
"[영상] 김경수 ""용산 대통령실, 단 하루도 사용해선 안 돼""",Politics
"尹 ""계엄, 평화적 대국민 메시지 위한 것.. 늘 준비해야 하는 것"" 직접 진술",Politics
"한덕수 출마론에 주자들 반발…지도부 ""옹립없다""·韓대행 경선불참",Politics
"민주 ""韓대행, 대선판 기웃거려""…오후 고발키로",Politics
"이준석 ""연대·단일화 언급, TK에 예의 아냐""",Politics
"민주당 ‘50%·50%’ 경선룰 오늘 확정…“전통파괴” 비명계, 불참 가능성",Politics
"""이재명은 양XX"" ""한동훈은 나르시시스트""…신랄한 비판 쏟아낸 홍준표",Politics
"민주당, 오늘 한덕수 고발…""대선판 기웃거려봤자 尹아바타""",Politics
"나경원 ""한덕수, 권한대행으로 할 일 많은데 당이 너무 흔들어""",Politics
[시사정각] 오세훈·유승민 불출마...'한덕수 지지율8.6%' 국힘 경선 어디로?,Politics
"美, 한국 '민감국가' 지정 결국 15일 발효…배경 여전히 모른다",Politics
"한덕수 '재판관 지명', 가처분 인용 가능성 높은 이유",Politics
'대선 D-50' 범진보 진영 대진표 윤곽…이재명 '독주' 가속,Politics
'오폭' 조종사 부대장 2명 형사입건…작전사령관 경고 조치,Politics
"""철딱서니들 설치지 마라""‥'한덕수 연판장' 당내 발칵",Politics
"李, AI 앞세워 경선 스타트…김동연 '청년' 김경수 '적통' 맞불",Politics
오세훈 불출마 3일부터 예고됐다?…꿈 접은 진짜 이유는 [런치정치],Politics
"軍 ""포천 오폭 조종사들, 공동 과실""…전대장·대대장 추가 입건(종합)",Politics
"`김건희 성역화` 비판한 한동훈 ""계엄 막자 배신이란 후보들은 뭐했나""",Politics
"민주 ""韓대행, 대선판 기웃거려봤자 尹아바타""…오후 고발키로(종합)",Politics
"한덕수 출마론에 주자들 반발…지도부 ""옹립없다""·韓대행 경선불참",Politics
"권성동 보러 국힘 온 홍준표…""나도 말해요?"" 마이크 건네지자 [현장영상]",Politics
[여론조사] 중도층 표심은?…오세훈·유승민 표 어디로?,Politics
[속보]윤석열 “계엄과 쿠데타는 달라…감사원장 탄핵 그냥 넘어갈 수 없었다” 주장,Politics
"""쿠데타? 상상도 안해""…尹, 형사재판서 PPT 띄워 '내란 혐의' 부인",Politics
박지원 “한덕수는 제2의 반기문…우유부단한 성격으로 결코 결심 못해”,Politics
"韓대행 ""마지막 소명 다할것""…불출마 언급없이 에둘러 선긋기(종합)",Politics
"""시대 요구"", ""나이든 윤석열""…'한덕수 출마론' 여야 설전",Politics
"경찰, 장제원 사건 수사결과 발표 안 한다…“고소인엔 규정 따라 통지”",Politics
"김경수 ""용산 대통령실 단 하루도 안돼…서울·세종집무실 동시 운영""",Politics
[단독] 김문수 캠프에 소설가 이문열·박보균 전 장관 합류,Politics
한동훈의 ‘꾀주머니’ … 전략·메시지 총괄 김종혁 [V메이커스],Politics
한덕수 급부상… ‘이재명과 양자대결’ 격차 가장 작아,Politics
강성 지지층만 바라보는 민주·국힘… ‘경선 룰’ 퇴행,Politics
“이재명 싫어” “국힘에 실망” “한덕수라면…” TK 민심은 혼돈,Politics
한동훈 “한덕수 추대론은 해당 행위…단일화 꼼수 택할 분 아냐”,Politics
"[뉴스1 PICK]""새 희망 보인다""…첫 공식일정 시작한 이재명",Politics
"한동훈, '한덕수 대선 차출' 국힘 내 움직임에…""해당행위""",Politics
지지율 추이는 '어대명'? 이재명 48.8% vs 김문수 10.9% [리얼미터],Politics
"“검찰, 국민 신뢰 위해서 김건희·오세훈 포토라인 세울 것”",Politics
변수 많아진 국민의힘 경선…'4강' 시나리오는,Politics
"민주 ""홍준표가 할 말은 '대선 출마' 아닌 '정계 은퇴'""",Politics
"[11시의 뉴스 Brunch] 매킬로이, 그린 재킷 입었다…尹은 오늘부터 형사재판",Politics
"친한 신지호 ""한덕수 차출론은 삼류기획…실현가능성 희박""",Politics
"""오폭 조종사와 공범"" 지휘관 2명…업무상 과실치상 혐의 형사입건",Politics
"포천 KF-16 오폭, 대대장도 입건…감독 부실 등 과실",Politics
"안철수 ""한덕수 대행, 능력 출중하나 이번 대선에 출마할 때는 아니다""",Politics
[자막뉴스] 전 대통령들 예외 없었는데…윤에게만 관대한 지귀연 재판부,Politics
"홍준표, 한덕수 출마론에 ""탄핵당한 정권의 총리가 무슨... 상식에 반한다""",Politics
계엄 겪고도 “이승만·박정희 계승” 외치는 국힘 대선주자들,Politics
"""이완규, 尹과 극우 검찰주의자, 헌재투입 '붕괴' 의도""…韓 탄핵카드 나오나?",Politics
국민의힘 '4강' 경쟁 본격화…김문수·한동훈·홍준표 그리고?,Politics
"軍수사기관, 공군 전투기 오폭사고 부대장 2명 형사입건 조치",Politics
軍 “오폭사고 조종사 사전훈련 때 14개 좌표 실무장 비행경로 입력훈련 실시 안해…훈련지침서 실무장 경로 대로”,Politics
"李, 신간서 ""민주진영 판 키워야…김경수 복당은 콘크리트 역할""",Politics
'민가 오폭' 조종사 소속 부대 지휘관 2명 형사입건…공군작전사령관에는 경고,Politics
민주 46.7%·국힘 33.1%…'정권교체' 58.7% vs '정권연장' 35.3%[리얼미터],Politics
공군 오폭사고 전대·대대장 추가 형사입건…9명 비위통보,Politics
"이준석, 국힘 단일화 선긋고 ""TK의원들, 尹에 목숨 걸고 직언했나""",Politics
'민가 오폭' 조종사 소속 부대장 2명 형사입건…공작사령관 경고,Politics
“서초동 피고인석에 선 윤석열”.. 내란 혐의 첫 재판서 전면 부인,Politics
"한덕수 차출론에 ""해당행위"" ""상식 반해""...민주 경선룰 잡음",Politics
"尹 ""몇 시간 사건을 내란으로 구성…법리 안 맞아""",Politics
"개혁신당 ""이준석 상수로 둔 여론조사 이뤄져야…동남풍 불어와""",Politics
"박찬대 ""尹 개선장군 행세…여전히 망상에 사로잡혀""",Politics
"국방부 ""전투기 오폭 조종사들, 비정상 폭탄투하 인지""",Politics
국민의힘 '4강' 경쟁 본격화…金·韓·洪 그리고 安 또는 羅?,Politics
"전한길 ""尹 예수님 같아... 자유민주주의 지켜내""",Politics
"한동훈, 나경원 향해 ""통진당 닮지 말고 기득권 연명 말아야""",Politics
한동훈 “우리 아버지가 불법계엄해도 막을 것”,Politics
"안철수 ""국힘 상위권 후보들, 보수 괴멸 장본인들…李 맞설 사람은 나""",Politics
SNL 뜬 홍준표 “이재명은 양XX” “최저임금 너무 많아”,Politics
"박지원 ""한덕수, 성격상 출마 못해…제2의 반기문 될 것""",Politics
대행 선거 중립 중요한데... '한덕수 출마' 간 보는 국힘,Politics
"김경수 ""대통령 집무실 세종에 둬야…장관책임제 가능""",Politics
전투기 오폭 사고 조종사 지휘관 2명 추가 입건…공군사령관 경고 조치,Politics
"민주 ""내란승계·윤심당권 국힘 경선…`난가병` 대행 띄우기 공작까지""",Politics
"'한덕수 대망론'에 홍준표 ""상식에 반하는 정치, 철딱서니 없는 의원들 설쳐""",Politics
"“멍청하다” “양아치” 홍준표, 이재명 원색 비난",Politics
이완규만 문제 아니다... 한덕수가 지명한 함상훈의 이해불가 판결들,Politics
"[무등의 아침] “민주당 경선은 ‘어대명’…한덕수 차출론, ‘이재명 대항마’ 카드?”",Politics
경선후보 등록 시작한 국민의힘…‘빅4’ 자리 경쟁 본격화,Politics
‘전투기 오폭’ 전대장·대대장도 형사입건…“조종사들과 공범”,Politics
"김경수 ""용산 대통령실, 단 하루도 사용해선 안 돼…이전해야""",Politics
'포천 오폭' 전대장·대대장 추가 입건…업무상 과실치상 혐의,Politics
'오폭' 조종사 소속 부대장 2명 형사입건…공작사령관 경고 조치,Politics
예비역 수백 명 내일 국회 집결…그들이 군 개혁할 수 있을까 [취재파일],Politics
"이준석 ""TK 지지율 19%…호랑이 키워달라""",Politics
"김민석, 한덕수 출마설 겨냥 “尹 아바타로 단일화쇼 계획”",Politics
"[단독] MBC 이성배 아나운서, 홍준표의 '입' 된다…퇴사 후 洪 캠프 합류",Politics
"홍준표 “한덕수 출마, 상식에 반해···연판장은 철딱서니 없는 짓”",Politics
"홍준표, 한덕수 추대론에 “상식에 어긋나…철딱서니 없는 의원들”",Politics
아크로비스타 지하상가서 尹 포착...첫 외부활동,Politics
SNL 출연한 홍준표 “이재명 양XX” “한동훈 나르시시스트”,Politics
"[데일리안 1분뉴스] 민주당 ""한덕수 대권 저울질"" 국민의힘 ""'전과자·피고인' 이재명 추대식""",Politics
"한덕수 차출론에 여권주자들 반발 ""해당행위"" ""대행 일 많을텐데...""",Politics
"박찬대 ""권한대행들이 '난가병' 걸려""…'차출론' 한덕수에 견제구",Politics
민주주의는 군자의 정치가 아니다. 장삼이사 소인들의 정치다,Politics
"'새 길 찾겠다'는 尹…박지원 ""찾지마라. 어차피 사형이나 무기""",Politics
이재명 “AI는 세계 경제 판도를 바꿀 게임체인저…AI 투자 100조원 시대 열어 '세계 3대 강국'으로 우뚝 설 것”,Politics
"김경수 ""尹이 사용하던 용산 대통령실, 사용 중단하고 이전해야""",Politics
"안철수 ""이재명 AI공약은 'K-엔비디아 시즌2'…모르면 가만히 계셔라""",Politics
"권영세 ""특정인 옹립 없다…일부 캠프 음모론은 자충수""",Politics
"나경원 ""한덕수, 통상 협상에 집중해야""…'차출론' 비판",Politics
홍준표 “상식에 반해” 한동훈 “해당행위”…한덕수 출마론 비판,Politics
"혁신당, ‘한덕수 출마론’에 “노회한 기회주의자의 파렴치한 모습”",Politics
"尹, 내란 혐의 첫 재판도 ‘지하 출석’.. 법정조차 피한 전직 대통령",Politics
"한동훈, 나경원 저격 ""통진당 닮지 말고 기득권 연명 말라""",Politics
‘내란 혐의’ 尹 재판 시작…“국민참여재판 원하지 않아”,Politics
"민주 경선룰 파장에…비명계, 대응 전략 엇갈렸다",Politics
"[자막뉴스] ""어떤 먹잇감을 먼저 물고 뜯을까"" 명태균 폭로전 예고…""1주일 뒤 입장 밝힌다더니""",Politics
조국혁신당 “출세에 영혼 판 노욕의 화신 한덕수…불출마 공언도 안해”,Politics
"이재명, 尹 12.3비상계엄 첫 반응…""가짜뉴스야, 미쳤네""",Politics
'대선주자 적합도' 이재명 48.8%…김문수 10.9%·한덕수 8.6%·한동훈 6.2%[리얼미터],Politics
"'한덕수 차출론' 신경전...민주당, 대선 경선룰 진통",Politics
"민주당 지도부, 한덕수에 견제구…""후안무치 내란대행""",Politics
"나경원 ""한동훈, 도저히 같이 할 수 없는 후보…탄핵 선동""",Politics
"박찬대 ""윤, 파면당하고도 '개선 장군' 행세…여전히 반성 없어""",Politics
"새민주 전병헌 ""이재명당 망나니 탄핵이 한덕수 띄워…국힘 경선 불참이 다행""",Politics
김경수 “용산 대통령실 ‘내란 상징’…단 하루도 사용해선 안돼”,Politics
"민주 ""한덕수, 대선판 기웃거리지 말고 대선 관리나 해라""",Politics
"[단독] “이재명, 재판 받느라 취미도 없어”... 李 친위조직, 17일 책 출간",Politics
박지원 “한덕수는 제2의 반기문…우유부단해 출마 결정 못해”,Politics
"이재명 48.8%, 김문수 10.9%…이재명 1강 강해졌다",Politics
"김동연·김두관, 경선룰 비판…""민주당 원칙·전통 파괴""(종합)",Politics
민주 '당원투표 50%·여론조사 50%' 경선룰 여진…김두관 '경선 불출마' 검토(종합),Politics
"나경원 ""한덕수, 권한대행으로 할 일 많은데 너무 흔들고 있어""",Politics
"홍준표, 한덕수 차출론에 ""비상식적…철딱서니 없는 의원 설쳐""",Politics
"한동훈 ""해당행위"" 홍준표 ""철딱서니 없는 짓""... '한덕수 추대론' 맹공",Politics
"이철우 ""비상계엄 없었다면 국무총리 수락한 뒤 27년 대선 나가려 했다""",Politics
"한동훈 ""한덕수 출마 부추기는 기득권 세력…이길 생각 없나""",Politics
"국힘 ""이재명, 한덕수 잘한다고 국익 내던져""…주4.5일제 공약(종합)",Politics
[대선 D-50] 이재명 48.8% 독주…보수권 주자 지형 요동[리얼미터],Politics
‘가상 3자 대결’서 이재명 독주…이준석 ‘두자릿수’ 지지율,Politics
"국힘 ""경선서 특정인 옹립 없어…당 화합 해치는 발언 엄중 책임""(종합)",Politics
인터뷰 전문…신지호 “한덕수 차출론은 삼류 기획” [정치시그널],Politics
吳·劉 빠지고 韓 오리무중…국민의힘 흥행 ‘빨간불’ [이런정치],Politics
"풀려난 명태균, 폭로전 예고…""어떤 먹잇감 먼저 물고 뜯을까""",Politics
"나경원 ""탄핵 반대 후회없다…한동훈, 도저히 함께 할 수 없는 후보""",Politics
"민주 ""'대선 차출론' 한덕수 '난가병' 빠져…당장 거취 정하라""(종합)",Politics
"尹, 형사재판서 ""몇시간 사건을 내란으로 구성"" vs 檢 ""국헌문란 목적으로 폭동""",Politics
"나경원 ""대통령되면 공수처 반드시 폐지할 것""",Politics
"""잘하면 '6일' 쉴 수 있겠네?""…'장미 대선' 앞두고 직장인 분주해진 이유",Politics
"'한덕수 차출' 논란에…국힘 ""특정후보 위한 경선룰 변경 없다""",Politics
"""이재명 대항마?…한덕수 8.6%로 대권 여론조사 첫 등장"" [뉴스캐비닛]",Politics
"민주당 “윤석열, 개선장군 행세 망상 사로잡혀…전례 없는 특혜 적용 우려”",Politics
"안철수 ""'대(大)재명국' 막을 마지막 카드는 저 안철수""",Politics
“이겼다”는 윤석열에 한동훈 “국민께서 좋게 보지 않았을 것”,Politics
"나경원, 한동훈 겨냥 “도저히 같이 할 수 없는 후보”",Politics
"대선주자 선호도, 이재명 48.8%·김문수 10.9%·한덕수 8.6% | 리얼미터",Politics
'한덕수 대망론'?…국힘 후보 지지율만 고루 나눠 가져갔다,Politics
답 피한 나경원…“의회주의자라면서 계엄군 국회 진입 때 뭐 했나”,Politics
"홍준표 ""반(反)이재명 '빅텐트' 필요…한덕수 출마, 상식에 반해""",Politics
민주 '어대명 경선룰' 잡음 계속…김두관 경선 불참 검토,Politics
"민주당 ""尹, 승리자 코스프레…국민 분노 유발"" 비판",Politics
"'SNL 출연' 홍준표, 이재명엔 ""양XX"" 한동훈엔 ""나르시시스트""",Politics
"홍준표 “韓총리 출마? 상식에 어긋나…反이재명 빅텐트 만들어야""",Politics
"권성동 ""李 산업 정책, 쌀 없이 맛있고 저렴한 밥상 차리겠다 것""",Politics
"안철수 ""우리 당 상위 후보로 선거 치르면 이재명에게 나라 팔아먹는 것""",Politics
풀려난 명태균 “어떤 먹잇감 먼저 물고 뜯을까”,Politics
"민주 ""尹 형사재판 비공개 출석·촬영 불허…전례 없는 특혜""",Politics
"윤석열만 공개 예외...""사법부, 보수 필패 우려하나""",Politics
"김동연 ""경선룰에 기가 차… 당원 최종 결과 보고 입장 낼 것""",Politics
"권영세 ""민주, 아메바급 사고로 국익 마져 내팽겨쳐""",Politics
"권영세 “민주, ‘한덕수 잘하면 이재명 표떨어진다’ 사고로 국익 내팽개쳐”",Politics
"인터뷰 전문…전한길 “尹 파면·관저 퇴거, 사실상 마음에 테러 당해” [정치시그널]",Politics
"""'덕스형' 기대"" ""정통성 문제"" 한덕수 출마 결단할까",Politics
"전재수 ""이번 대선 불출마""... 민주당 경선 4파전 윤곽",Politics
"홍준표 ""尹 탄핵은 개인 대한 탄핵…국민, 양아치에 정권 안 넘겨""",Politics
"홍준표, 한덕수 출마론에 ""상식에 반해…탄핵당한 정권의 총리""",Politics
"[정치쇼] 박지원 ""한덕수 추대론 배후에 尹·김건희 있다""",Politics
"[속보] ‘내란 혐의’ 윤석열 전 대통령, 첫 정식 재판 시작",Politics
한동훈 “아버지가 계엄 해도 막는다…그게 정치인의 자세”,Politics
"[전격시사] 이춘석 더불어민주당 의원 - “시대적 상황에 맞춰 국민참여경선…국민의힘, 대선 자포자기인가?”",Politics
"""우리는 무조건 국민의힘 찍는데이"" 尹 탄핵에도 보수만 바라보는 서문시장 [르포]",Politics
美에서 퇴출된 ARS 여론조사 韓에선 대세...이유는?,Politics
윤석열은 정말 지지자들을 사랑할까?[점선면],Politics
"[단독] ARS 기관 대부분 연 매출 1억 남짓...""선거 물량 잡아야 산다""",Politics
"전광훈 목사 ""尹, 5년 후 재출마 의사 밝혀""",Politics
"SNL 출연한 홍준표, 이재명에 “양XX”…최저임금 질문엔 “너무 많다”",Politics
첫 재판 출석 尹 “국민참여재판 원하지 않는다”,Politics
"""尹이 다시 사는 길"" 외친 전한길 ""'보수 우파 승리' 목표로 나아가자""",Politics
"대선 후보 적합도 조사…이재명 48.8%, 김문수 10.9%, 한덕수 8.6%",Politics
"인요한 “국힘, 이준석도 끌어안아야…통합 위해선 다 환영해야”",Politics
"홍준표, 한덕수 출마론에 ""상식에 반해…탄핵당한 정권의 총리""",Politics
시도지사 전성시대…전현직 8명 대권도전 [이런정치],Politics
'민간인' 尹 형사재판 본격 시작...'비공개 출석'에 커지는 '봐주기' 논란,Politics
"김근식 ""한동훈 막으려 한덕수 띄우는 '유령' 있다""",Politics
"'노무현 적장자' 이광재 불출마…""대선 승리 모든 것 바치겠다""",Politics
"""양XX"" ""나르시시스트""…'SNL 출연' 홍준표, 이재명·한동훈 직격",Politics
"한동훈 ""당내 기득권들, 목숨 걸고 한덕수 차출론 제기…해당행위""",Politics
이재명 48.8%·김문수 10.9%...첫 등장 한덕수 8.6%,Politics
"홍준표 ""한덕수 출마? 상식 반해…철딱서니 없는 중진 설치는 것""",Politics
"이재명, 대선 양자대결 모두 압승…한덕수 8.6% 첫 등장 [리얼미터]",Politics
"한동훈, 출마 선언 후 첫 유튜브 출연 [이슈전파사]",Politics
“너무 가슴이 아파요”…지지자 말에 아크로비스타 자택 복귀 尹의 대답,Politics
김문수 “한덕수 무소속 나오면 단일화 먼저 제안”,Politics
"김동연 ""韓 대선 출마는 '염치없는 일'…내가 만류할 것""",Politics
"홍준표 ""노무현·정몽준 단일화 모델 벤치마킹…반이재명 빅텐트 만들 것""",Politics
“내란 상징 용산 대통령실”… 김경수 “단 하루도 사용해선 안 돼”,Politics
"출마 선언도 안 한 한덕수, 한동훈 제쳤다…지지율 8.6%로 3위",Politics
"""국힘, 반성 거부"" 유승민 불출마‥강자 없어",Politics
"전한길 ""대선, 보수 우파 승리만이 국가·국민 사는 길""",Politics
이재명 선호도 48.8%...구여권서 한덕수 '약진',Politics
홍준표 “아빠 오늘부터 백수” 선언에 아들 반응이,Politics
트럼프도 반한 한국 전통의장대 [김태훈의 의미 또는 재미],Politics
이재명 ‘이 모습’에…“멍청하다” 원색 비난한 홍준표,Politics
"나경원 ""한덕수, 관세협상 집중해야…중도 확장성 후보는 나""",Politics
"김성태, '한덕수 차출론'에 ""'무소속 출마했다 단일화' 안돼""",Politics
이재명 48.8% 초강세…한덕수 보수후보 2위 성큼[여론조사 동향],Politics
"민주당의 국민참여경선제, 이런 문제가 있다",Politics
"홍준표 “한덕수 출마, 상식에 반해···철딱서니 없는 의원들 설쳐”",Politics
선거운동기간 5월12일부터 예비군훈련 중지 …선거일 입영 예정 현역병 6월4일 입영일자 조정,Politics
"[인터뷰] 홍준표 ""한덕수 차출? 철딱서니 없는 의원들""",Politics
유튜브에서 ‘손 하트’ 인사한 한동훈…“여러분 잘되는 정치하겠다”,Politics
"이재명 48.8%…김문수 10.9%, 한덕수 8.6%, 한동훈 6.2%[리얼미터](종합)",Politics
오세훈·유승민 불참에 한덕수 차출론까지... 국힘 경선 빨간불?,Politics
"YS차남 김현철 ""중범죄자 이재명, 대통령 되면 윤석열 찾아가 큰 절부터 해라""",Politics
한동훈 “한덕수 추대론 해당 행위…패배주의 발로”,Politics
"이준석, 3자 대결서 두자릿수 지지율… “단일화 눈길 안 준다”",Politics
"'이재명 48.8% vs 김문수 10.9%'…한덕수, '8.6%'로 진입 [리얼미터]",Politics
"[현장영상+] 국민의힘, '경선 후보 등록' 시작...""많이 나서주시길""",Politics
"""한덕수가 가장 근접""...대선 양자대결, 이재명 누구와 붙어도 50%↑",Politics
"[정치쇼] 한동훈 ""한덕수 띄우기는 해당행위…불법계엄, 아버지가 해도 막는다""",Politics
"[대선주자 인터뷰]안철수 ""중도층이 대선 결정…제3당 10년 한 제가 중도 제일 잘 알아""",Politics
"이재명 48.8%로 선두…김문수 10.9%, 한덕수 8.6% [리얼미터]",Politics
경선 규칙 바꾼 민주당…'이낙연 트라우마' 작용했나,Politics
"윤 ""5년 하나, 3년 하나…다 이기고 돌아온 것""",Politics
차기대선 이재명 48.8% 1위…한덕수 국힘 내 2위 부상[폴폴뉴스],Politics
이재명 54.2% 대 한덕수 27.6%…대선 가상 양자대결[리얼미터],Politics
아크로비스타 지하상가 尹 포착…김성훈 등 경호원 대동,Politics
"윤, 사저 도착해선 “5년 하나 3년 하나…다 이기고 돌아온 것”",Politics
"홍준표 ""이재명 막기 위해 우리 당 중심 빅텐트 만들어야""",Politics
"대선주자 선호도, 이재명 48.8% 김문수 10.9% 한덕수 8.6%[리얼미터]",Politics
이재명 54.2%·한덕수 27.6%…양자대결서 가장 차이 적어,Politics
"김용민 ""한덕수 출마? 내란 수사의 회피로...정권 몰락 책임 커""",Politics
"대선 양자 가상 대결, 이재명 54.3%·김문수 25.3% [리얼미터]",Politics
이재명 54.2%·한덕수 27.6%…여권주자 5인 중 격차 가장 작아[리얼미터],Politics
"나경원 ""국힘, 한덕수 대행으로 할 일 많은데 나와라 마라 흔들고 있어""",Politics
"SNL 출연한 홍준표, ‘명태균 삼행시’ “명사기가 대한민국을 흔들어…”",Politics
[심층] 시장직 버리고 대선행 택한 '장돌뱅이' 홍준표···명태균 리스크는? 수사 진도는?,Politics
"""복도를 왔다 갔다""..사저 복귀한 尹, 경호팀 동반 첫 외부 활동",Politics
"이재명 48.8% vs 김문수 10.9%, 한덕수 8.6%, 한동훈 6.2%",Politics
"민주 대선주자 이재명 46%, 김동연 15%…金, 두자리수 기록으로 '약진'[여론조사 동향]",Politics
"한덕수, 지지율 8.6%로 '껑충'…요동치는 보수 경선판",Politics
"안철수 ""이재명 왕국 막을 마지막 카드는 '안철수'""",Politics
"사저 돌아온 尹, 사흘 만에 첫 외부 활동…""지하상가서 30분 산책""",Politics
정권교체 여론 우위 속 한덕수 존재감↑[리얼미터],Politics
"“시대 요구 외면말라, 한덕수 출마해야”…목소리 키우는 국힘 중진들",Politics
정권교체 58.7% 연장 35.3%…중도층선 교체 65.8% [리얼미터],Politics
“이 건물에서 대통령 배출”...대선 후보들 여의도 둥지 살펴보니,Politics
"김경수 “용산 대통령실, 단 하루도 사용해선 안 돼”",Politics
50일 남은 대선…최대 변수는 보수 빅텐트·진영 결집력,Politics
"""윤, 5년 뒤 대선 반드시 나온다""…전광훈 주장, 실현 가능성은",Politics
"[단독]윤석열 정부, 총선이후 낙하산 기관장 무더기 '알박기'",Politics
"김성훈 밀접 경호받는 윤, 관저 퇴거 이후 '첫 포착'…나타난 곳은",Politics
尹 오늘 내란 혐의 첫 정식재판…파면 열흘 만,Politics
"한동훈 ""내 정치, 대통령 지원도 못 받아… 국민 잘되라고 하는 것""",Politics
[정치뷰] 대선 D-50…'한덕수 출마설'에 국힘 경선판 '출렁',Politics
"나경원·김경수, '연방제' 설전…""김일성 주장"", ""미국도 친북이냐""",Politics
"김경수 ""나경원? '파블로프의 개' 생각나"" vs 나경원 ""누가 김정은의 개냐""",Politics
'광주의 딸' 양향자 · 권은희 국민의힘 행보…지역선 '눈총',Politics
'한덕수 변수'에 요동…민주당도 경선룰 잡음,Politics
SNL 나간 홍준표…이재명에는 ‘양XX’ 한동훈에는 ‘나르시시스트’,Politics
"한동훈 ""내 정치는 尹 지원도 못 받아... 국민 잘 되시라고 하는 것""",Politics
"다음 대통령실, 청와대로 갈까? 세종시로 갈까?",Politics
"""청와대냐, 세종이냐""…차기 대통령의 첫 숙제 [올댓체크]",Politics
오세훈·유승민 이탈…'빅4'는 김문수·홍준표·한동훈 + 1,Politics
TK 공들이는 이준석…'동남풍' 일으킬 수 있을까[여의뷰],Politics
"[헌법 84조의 딜레마]④2025 조기대선, '대통령 불소추 특권' 논란 끝낼 때다",Politics
"[인터뷰] 한동훈 ""제가 이재명 이기는 선택…보수지지자에 확신 드릴 것""",Politics
[단독] 일반인에게 페이스북 댓글 막은 국회의원은 몇 명?,Politics
"탄핵당한 윤석열 “5년 하나 3년 하나…다 이기고 돌아와""",Politics
"[뉴스타트] 윤 전 대통령, 오늘 내란 혐의 첫 공판...비공개 출석에 촬영도 '불허'",Politics
‘보석’ 명태균 “어떤 먹잇감 먼저 물고 뜯어야 열광할까”,Politics
'내란 혐의' 형사법정 서는 尹..오늘 재판 어떻게 진행되나,Politics
"오늘 윤석열 첫 형사재판, 모습 못볼 듯...재판·출석 모두 '비공개'",Politics
국민의힘 대선주자 왜 이렇게 난립하나,Politics
‘탄핵소추안 작성’ 김용민 “사법부도 국민 감시·통제 받아야” [인터뷰],Politics
"최종 후보 한덕수?‥""윤 측 각본"" 일제히 반발",Politics
"윤석열 석방한 지귀연 판사, 피고인석 앉은 尹 촬영 불허",Politics
간장·양말 공장으로 경제 살린다는데…주민 삶은 더 팍팍[북한은 지금],Politics
[여론조사] 중도층 표심은?…오세훈·유승민 표 어디로?,Politics
전자제품 관세 혼란에…트럼프 관세 강행 의지 재차 언급 “면제아니다”,Politics
"""국힘, 반성 거부"" 유승민 불출마‥강자 없어",Politics
"포스트 탄핵의 한국 정치, 7공화국의 문 열지 주목",Politics
"尹, 사저 돌아와 ""다 이기고 돌아왔다. 5년 하나 3년 하나""..민주당 ""퇴거쇼"" 맹비난",Politics
"내란 혐의 법정 출석하는 尹… 출석 비공개, 촬영도 불허",Politics
"비난보다 극복 집중…임기 첫 100일의 성공, 바이든 사례서 배워라",Politics
“대통령 궐위로 대선 치러도 인수위 거치게 제도 바꿔야”,Politics
윤석열 파면으로 본 ‘대통령의 자격’,Politics
‘장병 1인당 국방예산’ 얼마일까…69만 달러 1위 美>日>中>韓>路 순[이현호의 밀리터리!톡],Politics
국민의힘은 윤석열을 손절할 수 있을까,Politics
"모두가 이재명의 사람들···‘통합’ 내세운 경선캠프, 친명계는 후방 지원",Politics
"[이런말저런글] 『추사 글씨』, 그리고 권력",Politics
"현영, 尹 공개 지지 김흥국에 “정치하고 난리야. 호랑나비해” 쓴소리",Politics
"“부정선거 의혹은 정치권 자해 행위, 제도 개편은 필요해”…원로 10인에게 묻다 [끝나지 않은 논란 ‘부정 선거’]",Politics
"국힘 빅3 주자, 한덕수 출마론 '반대'…한 대행, 경선참여 안할듯",Politics
"김동연·이재명·김문수, 전·현직 도지사 3인의 ‘다른 길’ [경기도를 보면 대권이 보인다]",Politics
풀려난 명태균 “어떤 먹잇감 먼저 뜯어야 군중이 환호할까”,Politics
한국 민주주의의 회복력이 미국을 추월한 까닭은 '여기' 있다!,Politics
'이재명 대항마 한덕수?' 커지는 대망론에 국민의힘·민주당 견제구?,Politics
아크로비스타 상가에 나타난 尹… 김성훈 경호 속 30분 산책,Politics
"“韓 추대 분위기, 출마 땐 완주” “업둥이 정치 재연, 꽃가마 안 돼”",Politics
돌연 하차한 오세훈·유승민… “한덕수 차출·경선 룰 불만 결정적”,Politics
吳·劉 지지층 어디로? 반탄파 표 분산?… 국힘 ‘빅4’ 압축 변수로,Politics
李·비명 3金… 민주 경선 ‘4파전’,Politics
"[단독] 윤석열, 나랏돈으로 캣타워 500만원에 ‘히노키 욕조’ 2천만원",Politics
국힘 룰로 예측해보니…김문수·한동훈·홍준표·나경원,Politics
민주 대선 경선 '李 vs 3金' 이변은 없다?,Politics
4강에 나경원? 안철수?...오세훈 불출마로 복잡해진 국힘 경선,Politics
"항속거리 25% 길어진다…美, 인공지능 전투기 F/A-XX 곧 공개 [밀리터리 브리핑]",Politics
"주말 국힘 강타한 '한덕수 추대론'…오세훈·유승민 ""불출마""",Politics
"민주, 조기대선 레이스 본격화…경선룰 갈등·비명계 후보 단일화 변수될까",Politics
보수 경선판 '출렁'…오세훈 유승민 불출마에 한덕수 출마설,Politics
'대선 D-50' 대진표 윤곽…범진보 '李 포함 4인'·범보수 '1강 3중',Politics
"'친문·친노 적자' 김경수 대선 등판…'지지율 1위' 이재명, 반가운 이유는",Politics
"""들러리 경선 유감""…민주당 경선룰 변경에 여진",Politics
"이준석 ""이재명도 박정희주의 잔재, 한덕수는 흘러가는 물"" [인터뷰]",Politics
"[단독] ""600만원이면 돌풍 후보로"" 선거 여론조사 뒤 '검은 커넥션'",Politics
"""시대 요구다"" ""탄핵 尹 후계자""... 한덕수 출마 놓고 국민의힘 분란",Politics
국민의힘 '김문수 vs 홍준표 vs 한동훈' 3강?…가장 유력한 후보는,Politics
꾸려지는 '대선 캠프' 속 재편되는 '국민의힘 내부지형' [정국 기상대],Politics
'국방부→대통령실' 재이전 가능성 꿈틀…본래 주인 되찾나,Politics
"민주, 민심 50%-당심 50% 경선룰에… 비명계 “어대명 경선” 부글",Politics
중도 표방 吳-劉 잇단 이탈… “반탄파만 부각” 국힘 내부도 우려,Politics
"尹, 사저 복귀때 “5년 하나 3년 하나… 다 이기고 돌아와” 발언 논란",Politics
